run_id,scheduled_order,arm,status,seed,model,model_reasoning_effort,provider_mode,parser_correct,parser_status,strict_correct,contains_21,contains_516_text,final_integer_candidate,final_text_sha256,final_text_length,input_tokens,cached_input_tokens,output_tokens,reasoning_output_tokens,reasoning_tokens_is_516,reasoning_tokens_is_518n_minus_2,lattice_n,lattice_residual,wall_ms,ttft_ms,ttft_kind,first_json_event_ms,first_final_message_ms,tokens_per_second,prompt_sha256,agents_sha256,process_start_at,process_end_at
run-0001-control,1,control,completed,20260628,gpt-5.5,xhigh,chatgpt_auth,True,resolved,True,True,False,21,508bdd50c115bbcf79e29f1e74ae802d51d422712f2de263b6cf640e3202e554,343,11379,9088,3917,3624,False,True,7,0,78444,17867,final_message,3712,17867,49.93371067258171,6eca5c454c9f9e4b7ce5c5c22c73a2335dc7f7a972098beed2d03c6bdf81c7dc,3d4eacfdc32f31acc1c8ce47d02b50a69bc25fbcf48b62c2a9f438d250e9a5c7,2026-06-29T06:14:29.711548Z,2026-06-29T06:15:48.155618Z
run-0002-treatment,2,treatment,completed,20260628,gpt-5.5,xhigh,chatgpt_auth,False,resolved,False,False,False,35,130b83ecdaf8e77bb92b5805e3f95250159f420817541a814d1711ba636f5145,573,11394,9088,920,516,True,True,1,0,26394,24183,final_message,3587,24183,34.85640675911192,6eca5c454c9f9e4b7ce5c5c22c73a2335dc7f7a972098beed2d03c6bdf81c7dc,8856400618621749d07364567a94c767d1e1f65e453fab1976a286752a70f4e5,2026-06-29T06:14:29.712530Z,2026-06-29T06:14:56.107016Z
run-0003-treatment,3,treatment,completed,20260628,gpt-5.5,xhigh,chatgpt_auth,True,resolved,True,True,False,21,1261fab6518c4605fa0fac21a8bae11c047a8631963a10c6d0a7cb46bc8b4e4d,179,11394,9088,7384,7250,False,True,14,0,145223,144917,final_message,2896,144917,50.84594038134455,6eca5c454c9f9e4b7ce5c5c22c73a2335dc7f7a972098beed2d03c6bdf81c7dc,8856400618621749d07364567a94c767d1e1f65e453fab1976a286752a70f4e5,2026-06-29T06:14:29.713362Z,2026-06-29T06:16:54.936834Z
run-0004-control,4,control,completed,20260628,gpt-5.5,xhigh,chatgpt_auth,False,resolved,False,False,False,27,a0987901e54023292fef774cb6186e272c92ef72158e76c9c0b5446af9702d2d,662,11379,9088,996,516,True,True,1,0,29998,28190,final_message,2141,28190,33.20221348089873,6eca5c454c9f9e4b7ce5c5c22c73a2335dc7f7a972098beed2d03c6bdf81c7dc,3d4eacfdc32f31acc1c8ce47d02b50a69bc25fbcf48b62c2a9f438d250e9a5c7,2026-06-29T06:14:29.714194Z,2026-06-29T06:14:59.711924Z
run-0005-control,5,control,completed,20260628,gpt-5.5,xhigh,chatgpt_auth,False,resolved,False,False,False,29,7e8027fa3686c694f5f9f914a229a080911c63840955b438f3a4ff8a65bd1019,687,11379,9088,996,516,True,True,1,0,27569,25274,final_message,1613,25274,36.12753454967536,6eca5c454c9f9e4b7ce5c5c22c73a2335dc7f7a972098beed2d03c6bdf81c7dc,3d4eacfdc32f31acc1c8ce47d02b50a69bc25fbcf48b62c2a9f438d250e9a5c7,2026-06-29T06:14:29.715213Z,2026-06-29T06:14:57.283997Z
run-0006-treatment,6,treatment,completed,20260628,gpt-5.5,xhigh,chatgpt_auth,False,resolved,False,False,False,29,492bbd512841af52481f9dc5fb90205819969eb01436f0093301d29f826569e9,265,11394,9088,708,516,True,True,1,0,23155,21288,final_message,2139,21288,30.576549341394944,6eca5c454c9f9e4b7ce5c5c22c73a2335dc7f7a972098beed2d03c6bdf81c7dc,8856400618621749d07364567a94c767d1e1f65e453fab1976a286752a70f4e5,2026-06-29T06:14:29.716425Z,2026-06-29T06:14:52.871854Z
run-0007-control,7,control,completed,20260628,gpt-5.5,xhigh,chatgpt_auth,False,resolved,False,False,False,22,2a76fdd235d4c7067dcaabef003354b671ff424a1a856d81195e156ce89c85b6,552,11379,9088,911,516,True,True,1,0,26162,24169,final_message,3471,24169,34.821496827459676,6eca5c454c9f9e4b7ce5c5c22c73a2335dc7f7a972098beed2d03c6bdf81c7dc,3d4eacfdc32f31acc1c8ce47d02b50a69bc25fbcf48b62c2a9f438d250e9a5c7,2026-06-29T06:14:29.717751Z,2026-06-29T06:14:55.879542Z
run-0008-treatment,8,treatment,completed,20260628,gpt-5.5,xhigh,chatgpt_auth,False,resolved,False,False,False,29,9f7e25767d5046dd5097b96de85bd3b5391060505e295c201d907a9f98adf773,277,11394,9088,1226,1034,False,True,2,0,31406,29770,final_message,2768,29770,39.037126663694835,6eca5c454c9f9e4b7ce5c5c22c73a2335dc7f7a972098beed2d03c6bdf81c7dc,8856400618621749d07364567a94c767d1e1f65e453fab1976a286752a70f4e5,2026-06-29T06:14:29.719151Z,2026-06-29T06:15:01.125537Z
run-0009-treatment,9,treatment,completed,20260628,gpt-5.5,xhigh,chatgpt_auth,False,resolved,False,False,False,29,5b5408eacaabd2b59a4f341ca3a87a1c6d67ce6c946435dfc6a9b949942cee45,201,11394,9088,658,516,True,True,1,0,18203,16536,final_message,441,16536,36.1478877108169,6eca5c454c9f9e4b7ce5c5c22c73a2335dc7f7a972098beed2d03c6bdf81c7dc,8856400618621749d07364567a94c767d1e1f65e453fab1976a286752a70f4e5,2026-06-29T06:14:52.873245Z,2026-06-29T06:15:11.076290Z
run-0010-control,10,control,completed,20260628,gpt-5.5,xhigh,chatgpt_auth,True,resolved,True,True,False,21,f95d36c3a4531ab1375ff0ad90a0b8d2878c3e8737b39941f1ef8bafa198e78c,354,11379,9088,8547,8286,False,True,16,0,159677,158009,final_message,441,158009,53.526807242120036,6eca5c454c9f9e4b7ce5c5c22c73a2335dc7f7a972098beed2d03c6bdf81c7dc,3d4eacfdc32f31acc1c8ce47d02b50a69bc25fbcf48b62c2a9f438d250e9a5c7,2026-06-29T06:14:55.880679Z,2026-06-29T06:17:35.557721Z
run-0011-control,11,control,completed,20260628,gpt-5.5,xhigh,chatgpt_auth,False,resolved,False,False,False,27,a309a4eddf8ff240fafac6205967b57833dd3bfa36295b7519230c39c0a44103,626,11379,9088,963,516,True,True,1,0,23315,21291,final_message,784,21291,41.30388162127385,6eca5c454c9f9e4b7ce5c5c22c73a2335dc7f7a972098beed2d03c6bdf81c7dc,3d4eacfdc32f31acc1c8ce47d02b50a69bc25fbcf48b62c2a9f438d250e9a5c7,2026-06-29T06:14:56.108589Z,2026-06-29T06:15:19.423366Z
run-0012-treatment,12,treatment,completed,20260628,gpt-5.5,xhigh,chatgpt_auth,False,resolved,False,False,False,29,e3df17ca90ed5f109e4cc79d92ea436d8b93fbba3bfaf50bf22a284b0fd5c164,348,11394,9088,1263,1034,False,True,2,0,39627,38051,final_message,592,38051,31.872208342796576,6eca5c454c9f9e4b7ce5c5c22c73a2335dc7f7a972098beed2d03c6bdf81c7dc,8856400618621749d07364567a94c767d1e1f65e453fab1976a286752a70f4e5,2026-06-29T06:14:57.285348Z,2026-06-29T06:15:36.912728Z
run-0013-treatment,13,treatment,completed,20260628,gpt-5.5,xhigh,chatgpt_auth,True,resolved,True,True,False,21,405cc6d37e49066cda4d6095b3ddffd314c941b6c1fc905871753219545fb3ee,244,11394,9088,2769,2588,False,True,5,0,56492,54821,final_message,750,54821,49.015789846349925,6eca5c454c9f9e4b7ce5c5c22c73a2335dc7f7a972098beed2d03c6bdf81c7dc,8856400618621749d07364567a94c767d1e1f65e453fab1976a286752a70f4e5,2026-06-29T06:14:59.713307Z,2026-06-29T06:15:56.205707Z
run-0014-control,14,control,completed,20260628,gpt-5.5,xhigh,chatgpt_auth,False,resolved,False,False,False,29,aefd5eeb59d0045704e0a6ecec9f450ad4c5c19ffaaf4d00d014bfee579ce4b8,779,11379,9088,1077,516,True,True,1,0,25011,23134,final_message,436,23134,43.06105313661989,6eca5c454c9f9e4b7ce5c5c22c73a2335dc7f7a972098beed2d03c6bdf81c7dc,3d4eacfdc32f31acc1c8ce47d02b50a69bc25fbcf48b62c2a9f438d250e9a5c7,2026-06-29T06:15:01.126963Z,2026-06-29T06:15:26.137763Z
run-0015-control,15,control,completed,20260628,gpt-5.5,xhigh,chatgpt_auth,True,ambiguous,False,True,False,4,76ea1e3488949b6f98f8f8de1413ba27a182efbc0880df7127411398c20f6a82,360,11379,9088,6537,6214,False,True,12,0,166663,16848,final_message,437,16848,39.22286290298386,6eca5c454c9f9e4b7ce5c5c22c73a2335dc7f7a972098beed2d03c6bdf81c7dc,3d4eacfdc32f31acc1c8ce47d02b50a69bc25fbcf48b62c2a9f438d250e9a5c7,2026-06-29T06:15:11.077358Z,2026-06-29T06:17:57.739926Z
run-0016-treatment,16,treatment,completed,20260628,gpt-5.5,xhigh,chatgpt_auth,False,resolved,False,False,False,35,d1e64d41c5fa9f583c4c9a453827c85fce29b07ce93bd66db937ba4e96b449ac,361,11394,11136,777,516,True,True,1,0,21211,19531,final_message,773,19531,36.63193625948801,6eca5c454c9f9e4b7ce5c5c22c73a2335dc7f7a972098beed2d03c6bdf81c7dc,8856400618621749d07364567a94c767d1e1f65e453fab1976a286752a70f4e5,2026-06-29T06:15:19.425812Z,2026-06-29T06:15:40.636443Z
run-0017-control,17,control,completed,20260628,gpt-5.5,xhigh,chatgpt_auth,False,resolved,False,False,False,35,319959ca46c0ab0d66ce70e96eb3b29420d59a5a38508b934787dde5d4c22a1b,343,11379,9088,745,516,True,True,1,0,18686,17000,final_message,405,17000,39.8694209568661,6eca5c454c9f9e4b7ce5c5c22c73a2335dc7f7a972098beed2d03c6bdf81c7dc,3d4eacfdc32f31acc1c8ce47d02b50a69bc25fbcf48b62c2a9f438d250e9a5c7,2026-06-29T06:15:26.138878Z,2026-06-29T06:15:44.824917Z
run-0018-treatment,18,treatment,completed,20260628,gpt-5.5,xhigh,chatgpt_auth,False,resolved,False,False,False,29,38893f1442b437ea52524373050c8c6f84bd4a2ffd32b35285ff89eb2bcc9092,327,11394,9088,751,516,True,True,1,0,19258,17637,final_message,362,17637,38.996780558728844,6eca5c454c9f9e4b7ce5c5c22c73a2335dc7f7a972098beed2d03c6bdf81c7dc,8856400618621749d07364567a94c767d1e1f65e453fab1976a286752a70f4e5,2026-06-29T06:15:36.913903Z,2026-06-29T06:15:56.171863Z
run-0019-treatment,19,treatment,completed,20260628,gpt-5.5,xhigh,chatgpt_auth,False,resolved,False,False,False,24,c2c96a492d643d6c509fb26e882a74084a6500f58be8df7a148416d1ef0e0c70,559,11394,9088,917,516,True,True,1,0,23903,22339,final_message,270,22339,38.36338534911936,6eca5c454c9f9e4b7ce5c5c22c73a2335dc7f7a972098beed2d03c6bdf81c7dc,8856400618621749d07364567a94c767d1e1f65e453fab1976a286752a70f4e5,2026-06-29T06:15:40.637600Z,2026-06-29T06:16:04.540572Z
run-0020-control,20,control,completed,20260628,gpt-5.5,xhigh,chatgpt_auth,False,resolved,False,False,False,29,04a5cc2320785cf93ed056557a4a2e4e92d768970db5a059d7b4b65e8a957257,278,11379,11136,713,516,True,True,1,0,18175,16633,final_message,437,16633,39.22971114167813,6eca5c454c9f9e4b7ce5c5c22c73a2335dc7f7a972098beed2d03c6bdf81c7dc,3d4eacfdc32f31acc1c8ce47d02b50a69bc25fbcf48b62c2a9f438d250e9a5c7,2026-06-29T06:15:44.826592Z,2026-06-29T06:16:03.001636Z
run-0021-treatment,21,treatment,completed,20260628,gpt-5.5,xhigh,chatgpt_auth,False,resolved,False,False,False,29,b21ec33b7547d16b4731f42eb1a4752db50f7acf4851a4f35f42eac2a150981b,244,11394,9088,1208,1034,False,True,2,0,27077,25225,final_message,332,25225,44.613509620711305,6eca5c454c9f9e4b7ce5c5c22c73a2335dc7f7a972098beed2d03c6bdf81c7dc,8856400618621749d07364567a94c767d1e1f65e453fab1976a286752a70f4e5,2026-06-29T06:15:48.156727Z,2026-06-29T06:16:15.233831Z
run-0022-control,22,control,completed,20260628,gpt-5.5,xhigh,chatgpt_auth,False,resolved,False,False,False,29,20ceb36c37bfc8accc2aa81593e1793b3c87c9963e6a54ce4e95a50e8a872055,311,11379,4480,745,516,True,True,1,0,19277,17520,final_message,534,17520,38.64709238989469,6eca5c454c9f9e4b7ce5c5c22c73a2335dc7f7a972098beed2d03c6bdf81c7dc,3d4eacfdc32f31acc1c8ce47d02b50a69bc25fbcf48b62c2a9f438d250e9a5c7,2026-06-29T06:15:56.172946Z,2026-06-29T06:16:15.450354Z
run-0023-treatment,23,treatment,completed,20260628,gpt-5.5,xhigh,chatgpt_auth,True,resolved,True,True,False,21,4aa968e75e26c2f43ac836ea420f5d415dece3688b83f73c88e20342fa74d77a,264,11394,11136,3821,3624,False,True,7,0,85995,85602,final_message,772,85602,44.43281586138729,6eca5c454c9f9e4b7ce5c5c22c73a2335dc7f7a972098beed2d03c6bdf81c7dc,8856400618621749d07364567a94c767d1e1f65e453fab1976a286752a70f4e5,2026-06-29T06:15:56.206865Z,2026-06-29T06:17:22.201440Z
run-0024-control,24,control,completed,20260628,gpt-5.5,xhigh,chatgpt_auth,False,resolved,False,False,False,29,2610f1634c8bd1008b4f887d498e1b5597a9e5a4bae3e9e49cd5103ec28b91db,504,11379,9088,847,516,True,True,1,0,20990,19243,final_message,531,19243,40.352548832777515,6eca5c454c9f9e4b7ce5c5c22c73a2335dc7f7a972098beed2d03c6bdf81c7dc,3d4eacfdc32f31acc1c8ce47d02b50a69bc25fbcf48b62c2a9f438d250e9a5c7,2026-06-29T06:16:03.017998Z,2026-06-29T06:16:24.007622Z
run-0025-control,25,control,completed,20260628,gpt-5.5,xhigh,chatgpt_auth,True,ambiguous,False,True,False,27,69ff138dd1123c07f719c7185bdf4977304aa75d79b98d0d68f3029fea4535f5,605,11379,9088,949,516,True,True,1,0,22352,20780,final_message,487,20780,42.45705082319255,6eca5c454c9f9e4b7ce5c5c22c73a2335dc7f7a972098beed2d03c6bdf81c7dc,3d4eacfdc32f31acc1c8ce47d02b50a69bc25fbcf48b62c2a9f438d250e9a5c7,2026-06-29T06:16:04.541988Z,2026-06-29T06:16:26.893585Z
run-0026-treatment,26,treatment,completed,20260628,gpt-5.5,xhigh,chatgpt_auth,False,resolved,False,False,False,33,548a500da7aadfbebd19a4e8c4a7a160907cfec259b112163654eb9c3ff6b91f,501,11394,11136,870,516,True,True,1,0,21890,20113,final_message,306,20113,39.74417542256738,6eca5c454c9f9e4b7ce5c5c22c73a2335dc7f7a972098beed2d03c6bdf81c7dc,8856400618621749d07364567a94c767d1e1f65e453fab1976a286752a70f4e5,2026-06-29T06:16:15.234908Z,2026-06-29T06:16:37.124929Z
run-0027-treatment,27,treatment,completed,20260628,gpt-5.5,xhigh,chatgpt_auth,False,resolved,False,False,False,29,770bb85b97f64c1d764b6629fb1c18c58022d8b0fb91408e0d5c4a4d811633f4,278,11394,9088,722,516,True,True,1,0,23562,22013,final_message,922,22013,30.642560054324758,6eca5c454c9f9e4b7ce5c5c22c73a2335dc7f7a972098beed2d03c6bdf81c7dc,8856400618621749d07364567a94c767d1e1f65e453fab1976a286752a70f4e5,2026-06-29T06:16:15.453549Z,2026-06-29T06:16:39.015554Z
run-0028-control,28,control,completed,20260628,gpt-5.5,xhigh,chatgpt_auth,False,resolved,False,False,False,31,9408bc57ceb0d7cfc2361929dc0264cb55f02ad2db8d80e29726de40171f84f8,539,11379,9088,909,516,True,True,1,0,21711,20065,final_message,541,20065,41.86817742158353,6eca5c454c9f9e4b7ce5c5c22c73a2335dc7f7a972098beed2d03c6bdf81c7dc,3d4eacfdc32f31acc1c8ce47d02b50a69bc25fbcf48b62c2a9f438d250e9a5c7,2026-06-29T06:16:24.038848Z,2026-06-29T06:16:45.749856Z
run-0029-control,29,control,completed,20260628,gpt-5.5,xhigh,chatgpt_auth,True,resolved,True,True,False,21,4065f873ed03faffd7a7b1f796f93f1353525c17b716f7eedb34a46ab6afc385,302,11379,9088,4888,4660,False,True,9,0,102397,102013,final_message,349,102013,47.73577350898952,6eca5c454c9f9e4b7ce5c5c22c73a2335dc7f7a972098beed2d03c6bdf81c7dc,3d4eacfdc32f31acc1c8ce47d02b50a69bc25fbcf48b62c2a9f438d250e9a5c7,2026-06-29T06:16:26.895635Z,2026-06-29T06:18:09.292648Z
run-0030-treatment,30,treatment,completed,20260628,gpt-5.5,xhigh,chatgpt_auth,False,resolved,False,False,False,29,c69075fb8d31fc2ee6351f15315fa919fb7e6dd1f4a93684e7f1faf7dd1e5893,205,11394,9088,670,516,True,True,1,0,17913,16234,final_message,329,16234,37.40300340534807,6eca5c454c9f9e4b7ce5c5c22c73a2335dc7f7a972098beed2d03c6bdf81c7dc,8856400618621749d07364567a94c767d1e1f65e453fab1976a286752a70f4e5,2026-06-29T06:16:37.126050Z,2026-06-29T06:16:55.039111Z
run-0031-control,31,control,completed,20260628,gpt-5.5,xhigh,chatgpt_auth,False,resolved,False,False,False,29,55ce7109a41d1ee76afb313f5cf510464ed7fac79ca7aef0564423e78df878c2,555,11379,9088,923,516,True,True,1,0,34086,32599,final_message,398,32599,27.078565980167813,6eca5c454c9f9e4b7ce5c5c22c73a2335dc7f7a972098beed2d03c6bdf81c7dc,3d4eacfdc32f31acc1c8ce47d02b50a69bc25fbcf48b62c2a9f438d250e9a5c7,2026-06-29T06:16:39.016657Z,2026-06-29T06:17:13.102373Z
run-0032-treatment,32,treatment,completed,20260628,gpt-5.5,xhigh,chatgpt_auth,False,resolved,False,False,False,29,7e3031f4e505dff21883c0c2907311d2a7a9e01af9df7f2fcc6089af0a516a54,227,11394,9088,671,516,True,True,1,0,17936,16006,final_message,409,16006,37.41079393398751,6eca5c454c9f9e4b7ce5c5c22c73a2335dc7f7a972098beed2d03c6bdf81c7dc,8856400618621749d07364567a94c767d1e1f65e453fab1976a286752a70f4e5,2026-06-29T06:16:45.750985Z,2026-06-29T06:17:03.687356Z
run-0033-control,33,control,completed,20260628,gpt-5.5,xhigh,chatgpt_auth,False,resolved,False,False,False,29,2149e802ef68354fe431f6c181cd545f73b20841d787a4878ceeef903a45cb03,293,11379,11136,722,516,True,True,1,0,20393,18891,final_message,834,18891,35.40430539891139,6eca5c454c9f9e4b7ce5c5c22c73a2335dc7f7a972098beed2d03c6bdf81c7dc,3d4eacfdc32f31acc1c8ce47d02b50a69bc25fbcf48b62c2a9f438d250e9a5c7,2026-06-29T06:16:54.937945Z,2026-06-29T06:17:15.331123Z
run-0034-treatment,34,treatment,completed,20260628,gpt-5.5,xhigh,chatgpt_auth,False,resolved,False,False,False,29,94ed73f452ec9ba59d7c39b76c1ee3399e717aa146f490825480306f5d3327c3,225,11394,9088,672,516,True,True,1,0,21399,19912,final_message,1127,19912,31.403336604514227,6eca5c454c9f9e4b7ce5c5c22c73a2335dc7f7a972098beed2d03c6bdf81c7dc,8856400618621749d07364567a94c767d1e1f65e453fab1976a286752a70f4e5,2026-06-29T06:16:55.040666Z,2026-06-29T06:17:16.439213Z
run-0035-control,35,control,completed,20260628,gpt-5.5,xhigh,chatgpt_auth,False,resolved,False,False,False,29,5eb838144cfca675e2ec4d0b28ee32ed38a3df7a3ac40be879321db610a1aa1c,530,11379,9088,881,516,True,True,1,0,27229,25724,final_message,341,25724,32.35520951926255,6eca5c454c9f9e4b7ce5c5c22c73a2335dc7f7a972098beed2d03c6bdf81c7dc,3d4eacfdc32f31acc1c8ce47d02b50a69bc25fbcf48b62c2a9f438d250e9a5c7,2026-06-29T06:17:03.688430Z,2026-06-29T06:17:30.917908Z
run-0036-treatment,36,treatment,completed,20260628,gpt-5.5,xhigh,chatgpt_auth,True,resolved,True,True,False,21,b970ac8b3f9c4923d7bbf6d0b8dace32fe4c3194c4fc61814670e0e501fb859d,295,11394,11136,2287,2070,False,True,4,0,55022,46437,final_message,384,46437,41.56519210497619,6eca5c454c9f9e4b7ce5c5c22c73a2335dc7f7a972098beed2d03c6bdf81c7dc,8856400618621749d07364567a94c767d1e1f65e453fab1976a286752a70f4e5,2026-06-29T06:17:13.103594Z,2026-06-29T06:18:08.125481Z
run-0037-treatment,37,treatment,completed,20260628,gpt-5.5,xhigh,chatgpt_auth,True,ambiguous,False,True,False,20,bf3e53cd687936ba3adaee42d2b0c4d87011cc5a3515d85895828b7689c5c167,250,11394,9088,3288,3106,False,True,6,0,84352,84012,final_message,437,84012,38.97951441578149,6eca5c454c9f9e4b7ce5c5c22c73a2335dc7f7a972098beed2d03c6bdf81c7dc,8856400618621749d07364567a94c767d1e1f65e453fab1976a286752a70f4e5,2026-06-29T06:17:15.332241Z,2026-06-29T06:18:39.683828Z
run-0038-control,38,control,completed,20260628,gpt-5.5,xhigh,chatgpt_auth,False,resolved,False,False,False,29,e05c53eac903646d4f0886a6a86f532dc4c25dfccdafc75e734942cdb7439b59,398,11379,9088,791,516,True,True,1,0,21587,19946,final_message,615,19946,36.64242368091907,6eca5c454c9f9e4b7ce5c5c22c73a2335dc7f7a972098beed2d03c6bdf81c7dc,3d4eacfdc32f31acc1c8ce47d02b50a69bc25fbcf48b62c2a9f438d250e9a5c7,2026-06-29T06:17:16.441787Z,2026-06-29T06:17:38.028483Z
run-0039-control,39,control,completed,20260628,gpt-5.5,xhigh,chatgpt_auth,False,resolved,False,False,False,36,104d2c7350822be23073480f4991967557e3a7c1a82343e36093717ca05574fa,524,11379,9088,890,516,True,True,1,0,24133,22419,final_message,284,22419,36.87896241660797,6eca5c454c9f9e4b7ce5c5c22c73a2335dc7f7a972098beed2d03c6bdf81c7dc,3d4eacfdc32f31acc1c8ce47d02b50a69bc25fbcf48b62c2a9f438d250e9a5c7,2026-06-29T06:17:22.203010Z,2026-06-29T06:17:46.336403Z
run-0040-treatment,40,treatment,completed,20260628,gpt-5.5,xhigh,chatgpt_auth,False,resolved,False,False,False,32,60166d48eba83624f95702c3a70a746213cd677b5fbfa3948753bd3f2cb76e74,323,11394,9088,750,516,True,True,1,0,27676,20701,final_message,397,20701,27.09929180517416,6eca5c454c9f9e4b7ce5c5c22c73a2335dc7f7a972098beed2d03c6bdf81c7dc,8856400618621749d07364567a94c767d1e1f65e453fab1976a286752a70f4e5,2026-06-29T06:17:30.919021Z,2026-06-29T06:17:58.594737Z
run-0041-control,41,control,completed,20260628,gpt-5.5,xhigh,chatgpt_auth,True,resolved,True,True,False,21,eb82ca909ba965663e0e2942b5ff2ae26dee57ce56686ad79330205090d2abb9,371,11379,9088,4429,4142,False,True,8,0,85897,85363,final_message,867,85363,51.561754193976505,6eca5c454c9f9e4b7ce5c5c22c73a2335dc7f7a972098beed2d03c6bdf81c7dc,3d4eacfdc32f31acc1c8ce47d02b50a69bc25fbcf48b62c2a9f438d250e9a5c7,2026-06-29T06:17:35.560649Z,2026-06-29T06:19:01.457855Z
run-0042-treatment,42,treatment,completed,20260628,gpt-5.5,xhigh,chatgpt_auth,True,ambiguous,False,True,False,11,7ffdd3aa2b4c802ad667b6b5aa8abc8eb8642eb111adacd27418c35070c239a1,321,11394,11136,7484,7250,False,True,14,0,196727,195442,final_message,629,195442,38.04256660244908,6eca5c454c9f9e4b7ce5c5c22c73a2335dc7f7a972098beed2d03c6bdf81c7dc,8856400618621749d07364567a94c767d1e1f65e453fab1976a286752a70f4e5,2026-06-29T06:17:38.032157Z,2026-06-29T06:20:54.758734Z
run-0043-treatment,43,treatment,completed,20260628,gpt-5.5,xhigh,chatgpt_auth,False,resolved,False,False,False,29,28bcb4616ee46778860257c055a8cb97e3f9fdc5385acc42003337c03883d624,285,11394,9088,728,516,True,True,1,0,20881,19169,final_message,384,19169,34.864230640295006,6eca5c454c9f9e4b7ce5c5c22c73a2335dc7f7a972098beed2d03c6bdf81c7dc,8856400618621749d07364567a94c767d1e1f65e453fab1976a286752a70f4e5,2026-06-29T06:17:46.337547Z,2026-06-29T06:18:07.218917Z
run-0044-control,44,control,completed,20260628,gpt-5.5,xhigh,chatgpt_auth,True,resolved,True,True,False,21,f1112a258f03d4e8ae76e47022eff983b0abc8a0a3102aa8252777c8e27fe2c0,301,11379,11136,4869,4660,False,True,9,0,122761,122305,final_message,515,122305,39.662433509013454,6eca5c454c9f9e4b7ce5c5c22c73a2335dc7f7a972098beed2d03c6bdf81c7dc,3d4eacfdc32f31acc1c8ce47d02b50a69bc25fbcf48b62c2a9f438d250e9a5c7,2026-06-29T06:17:57.741036Z,2026-06-29T06:20:00.502030Z
run-0045-treatment,45,treatment,completed,20260628,gpt-5.5,xhigh,chatgpt_auth,False,resolved,False,False,False,36,3f736d49dacb6f421b1d285d2dcda75d6d460b124e142daac74feb959c28af3c,551,11394,11136,899,516,True,True,1,0,39849,38152,final_message,517,38152,22.56016462144596,6eca5c454c9f9e4b7ce5c5c22c73a2335dc7f7a972098beed2d03c6bdf81c7dc,8856400618621749d07364567a94c767d1e1f65e453fab1976a286752a70f4e5,2026-06-29T06:17:58.596651Z,2026-06-29T06:18:38.445502Z
run-0046-control,46,control,completed,20260628,gpt-5.5,xhigh,chatgpt_auth,True,resolved,True,True,False,21,50a5974e44d6d251d1926bad13d92499e1fd59dd40d7eca118604e0418cfaf80,436,11379,9088,4406,4035,False,False,,-107,85692,17066,final_message,404,17066,51.41670167576904,6eca5c454c9f9e4b7ce5c5c22c73a2335dc7f7a972098beed2d03c6bdf81c7dc,3d4eacfdc32f31acc1c8ce47d02b50a69bc25fbcf48b62c2a9f438d250e9a5c7,2026-06-29T06:18:07.220051Z,2026-06-29T06:19:32.912218Z
run-0047-treatment,47,treatment,completed,20260628,gpt-5.5,xhigh,chatgpt_auth,False,resolved,False,False,False,29,21ba1c28baebb1f2cb6f2ded1eb7b3b0432c5daec6045a62ccfd7a3b35c8f945,174,11394,9088,1160,1034,False,True,2,0,26791,24893,final_message,617,24893,43.29812250382591,6eca5c454c9f9e4b7ce5c5c22c73a2335dc7f7a972098beed2d03c6bdf81c7dc,8856400618621749d07364567a94c767d1e1f65e453fab1976a286752a70f4e5,2026-06-29T06:18:08.126694Z,2026-06-29T06:18:34.917711Z
run-0048-control,48,control,completed,20260628,gpt-5.5,xhigh,chatgpt_auth,True,resolved,True,True,False,21,4a3210e650a1db85f3db2e1853545e7581598622881b43e4362db1aec4d2317a,351,11379,9088,6902,6598,False,False,,-134,128431,13880,final_message,447,13880,53.740919248468046,6eca5c454c9f9e4b7ce5c5c22c73a2335dc7f7a972098beed2d03c6bdf81c7dc,3d4eacfdc32f31acc1c8ce47d02b50a69bc25fbcf48b62c2a9f438d250e9a5c7,2026-06-29T06:18:09.294197Z,2026-06-29T06:20:17.725665Z
run-0049-treatment,49,treatment,completed,20260628,gpt-5.5,xhigh,chatgpt_auth,True,ambiguous,False,True,False,29,899056eac5c03762bbac7e7f4840ca34c062f5ed34e6358899027bc6de4c161f,299,11394,11136,725,516,True,True,1,0,30237,16899,final_message,347,16899,23.977246419949072,6eca5c454c9f9e4b7ce5c5c22c73a2335dc7f7a972098beed2d03c6bdf81c7dc,8856400618621749d07364567a94c767d1e1f65e453fab1976a286752a70f4e5,2026-06-29T06:18:34.918866Z,2026-06-29T06:19:05.155748Z
run-0050-control,50,control,completed,20260628,gpt-5.5,xhigh,chatgpt_auth,False,resolved,False,False,False,27,b54d2d82c69eb95fef5fbeb44e61927e6c570c292e1149ec74fcc5669aa0ae46,570,11379,11136,915,516,True,True,1,0,26240,24595,final_message,427,24595,34.8704268292683,6eca5c454c9f9e4b7ce5c5c22c73a2335dc7f7a972098beed2d03c6bdf81c7dc,3d4eacfdc32f31acc1c8ce47d02b50a69bc25fbcf48b62c2a9f438d250e9a5c7,2026-06-29T06:18:38.447162Z,2026-06-29T06:19:04.687417Z
run-0051-control,51,control,completed,20260628,gpt-5.5,xhigh,chatgpt_auth,False,resolved,False,False,False,27,048157a7eb51deff68599e729fccf2be2fc93007e5b9586497ebcb5acfd673ce,520,11379,11136,897,516,True,True,1,0,21758,20004,final_message,590,20004,41.2262156448203,6eca5c454c9f9e4b7ce5c5c22c73a2335dc7f7a972098beed2d03c6bdf81c7dc,3d4eacfdc32f31acc1c8ce47d02b50a69bc25fbcf48b62c2a9f438d250e9a5c7,2026-06-29T06:18:39.685073Z,2026-06-29T06:19:01.443345Z
run-0052-treatment,52,treatment,completed,20260628,gpt-5.5,xhigh,chatgpt_auth,True,resolved,True,True,False,21,215be35839f099945ada4fecd2878a0a4035d98f108830c9b8d288e9dd3da950,240,11394,9088,5872,5696,False,True,11,0,112607,112192,final_message,760,112192,52.1459589545943,6eca5c454c9f9e4b7ce5c5c22c73a2335dc7f7a972098beed2d03c6bdf81c7dc,8856400618621749d07364567a94c767d1e1f65e453fab1976a286752a70f4e5,2026-06-29T06:19:01.445269Z,2026-06-29T06:20:54.052082Z
run-0053-treatment,53,treatment,completed,20260628,gpt-5.5,xhigh,chatgpt_auth,True,resolved,True,True,False,21,41a849218e9252278d6149f456f35a43f4115594dce6f7d677270667ebff90e6,293,11394,9088,2803,2588,False,True,5,0,56245,54565,final_message,870,54565,49.83554093697218,6eca5c454c9f9e4b7ce5c5c22c73a2335dc7f7a972098beed2d03c6bdf81c7dc,8856400618621749d07364567a94c767d1e1f65e453fab1976a286752a70f4e5,2026-06-29T06:19:01.460402Z,2026-06-29T06:19:57.705717Z
run-0054-control,54,control,completed,20260628,gpt-5.5,xhigh,chatgpt_auth,False,resolved,False,False,False,29,216fe050caac4be79058f06fc84c235b4daf49b753f1ee1d00c9e55ea22fc22c,191,11379,11136,657,516,True,True,1,0,16929,15380,final_message,428,15380,38.80914407230197,6eca5c454c9f9e4b7ce5c5c22c73a2335dc7f7a972098beed2d03c6bdf81c7dc,3d4eacfdc32f31acc1c8ce47d02b50a69bc25fbcf48b62c2a9f438d250e9a5c7,2026-06-29T06:19:04.689316Z,2026-06-29T06:19:21.617941Z
run-0055-control,55,control,completed,20260628,gpt-5.5,xhigh,chatgpt_auth,True,resolved,True,True,False,21,7e869c335d26a3b65561dde5261a272fec71179d5f8c7fde1f7505e8ba49b90a,257,11379,9088,7477,7250,False,True,14,0,142584,22723,final_message,515,22723,52.439263872524265,6eca5c454c9f9e4b7ce5c5c22c73a2335dc7f7a972098beed2d03c6bdf81c7dc,3d4eacfdc32f31acc1c8ce47d02b50a69bc25fbcf48b62c2a9f438d250e9a5c7,2026-06-29T06:19:05.157847Z,2026-06-29T06:21:27.741681Z
run-0056-treatment,56,treatment,completed,20260628,gpt-5.5,xhigh,chatgpt_auth,False,resolved,False,False,False,29,08eb181bf3a51894019d05e277a34025f51ff57758ad0c81ae645040abbdcf7f,339,11394,9088,762,516,True,True,1,0,34795,32958,final_message,316,32958,21.89969823250467,6eca5c454c9f9e4b7ce5c5c22c73a2335dc7f7a972098beed2d03c6bdf81c7dc,8856400618621749d07364567a94c767d1e1f65e453fab1976a286752a70f4e5,2026-06-29T06:19:21.619059Z,2026-06-29T06:19:56.414194Z
run-0057-treatment,57,treatment,completed,20260628,gpt-5.5,xhigh,chatgpt_auth,True,resolved,True,True,False,21,41a1e509d036faa4a7b83d518a907c619474c28334c8b31bbb651dd32578e9b8,237,11394,11136,5355,5178,False,True,10,0,133797,133417,final_message,513,133417,40.02331890849571,6eca5c454c9f9e4b7ce5c5c22c73a2335dc7f7a972098beed2d03c6bdf81c7dc,8856400618621749d07364567a94c767d1e1f65e453fab1976a286752a70f4e5,2026-06-29T06:19:32.916311Z,2026-06-29T06:21:46.713121Z
run-0058-control,58,control,completed,20260628,gpt-5.5,xhigh,chatgpt_auth,False,resolved,False,False,False,29,c711f29f0ac6998fb6f9aceb0dc9cc6832ba33b493e94c36d5b0869d919a3e3b,392,11379,9088,803,516,True,True,1,0,21191,19393,final_message,362,19393,37.893445330564866,6eca5c454c9f9e4b7ce5c5c22c73a2335dc7f7a972098beed2d03c6bdf81c7dc,3d4eacfdc32f31acc1c8ce47d02b50a69bc25fbcf48b62c2a9f438d250e9a5c7,2026-06-29T06:19:56.415305Z,2026-06-29T06:20:17.606117Z
run-0059-treatment,59,treatment,completed,20260628,gpt-5.5,xhigh,chatgpt_auth,False,resolved,False,False,False,29,7e84c104ff40d3438075ca29f5ddbf8a9cc63a6e4b057855658fef63da391744,418,11394,9088,816,516,True,True,1,0,20187,18379,final_message,512,18379,40.422053796998064,6eca5c454c9f9e4b7ce5c5c22c73a2335dc7f7a972098beed2d03c6bdf81c7dc,8856400618621749d07364567a94c767d1e1f65e453fab1976a286752a70f4e5,2026-06-29T06:19:57.707054Z,2026-06-29T06:20:17.893849Z
run-0060-control,60,control,completed,20260628,gpt-5.5,xhigh,chatgpt_auth,True,resolved,True,True,False,21,1b04df29d1fbefb798d9730d9104ef042c3709f51b5fdd4a799176c312e976a4,296,11379,9088,6430,6214,False,True,12,0,123321,122980,final_message,294,122980,52.14034917005214,6eca5c454c9f9e4b7ce5c5c22c73a2335dc7f7a972098beed2d03c6bdf81c7dc,3d4eacfdc32f31acc1c8ce47d02b50a69bc25fbcf48b62c2a9f438d250e9a5c7,2026-06-29T06:20:00.503252Z,2026-06-29T06:22:03.824743Z
run-0061-treatment,61,treatment,completed,20260628,gpt-5.5,xhigh,chatgpt_auth,True,resolved,True,True,False,21,2b9a3cc62927d02eac7cd823fdb002f355320764e458d149b0768f84011da346,240,11394,9088,5873,5696,False,True,11,0,110194,109858,final_message,581,109858,53.29691271757083,6eca5c454c9f9e4b7ce5c5c22c73a2335dc7f7a972098beed2d03c6bdf81c7dc,8856400618621749d07364567a94c767d1e1f65e453fab1976a286752a70f4e5,2026-06-29T06:20:17.607401Z,2026-06-29T06:22:07.801634Z
run-0062-control,62,control,completed,20260628,gpt-5.5,xhigh,chatgpt_auth,False,resolved,False,False,False,29,967c08f34faa0d4fd099ca8cafeb04dd51b83d3a224ac538fd035580206c9fcc,353,11379,11136,745,516,True,True,1,0,21778,20217,final_message,1007,20217,34.20883460372853,6eca5c454c9f9e4b7ce5c5c22c73a2335dc7f7a972098beed2d03c6bdf81c7dc,3d4eacfdc32f31acc1c8ce47d02b50a69bc25fbcf48b62c2a9f438d250e9a5c7,2026-06-29T06:20:17.728333Z,2026-06-29T06:20:39.506156Z
run-0063-treatment,63,treatment,completed,20260628,gpt-5.5,xhigh,chatgpt_auth,False,resolved,False,False,False,29,ad6a9b822e18509b9fdb0823d3d6f0e93ae661fa79c795eafcc257cfd0bbfc18,310,11394,9088,736,516,True,True,1,0,18983,17479,final_message,1064,17479,38.771532423747566,6eca5c454c9f9e4b7ce5c5c22c73a2335dc7f7a972098beed2d03c6bdf81c7dc,8856400618621749d07364567a94c767d1e1f65e453fab1976a286752a70f4e5,2026-06-29T06:20:17.900861Z,2026-06-29T06:20:36.883866Z
run-0064-control,64,control,completed,20260628,gpt-5.5,xhigh,chatgpt_auth,False,resolved,False,False,False,29,8344dc9510999b7c4a702917a43a0b5f579a6d0cb36e12a5ff17d28b54a81bf0,429,11379,11136,821,516,True,True,1,0,22265,20758,final_message,555,20758,36.87401751628116,6eca5c454c9f9e4b7ce5c5c22c73a2335dc7f7a972098beed2d03c6bdf81c7dc,3d4eacfdc32f31acc1c8ce47d02b50a69bc25fbcf48b62c2a9f438d250e9a5c7,2026-06-29T06:20:36.885051Z,2026-06-29T06:20:59.149581Z
run-0065-treatment,65,treatment,completed,20260628,gpt-5.5,xhigh,chatgpt_auth,True,resolved,True,True,False,21,c5ec6149d2182580257b6a1c2d2eb15b5ee23138f3bd3cb50a5919686865ce2a,279,11394,9088,5379,5178,False,True,10,0,103807,103476,final_message,390,103476,51.81731482462647,6eca5c454c9f9e4b7ce5c5c22c73a2335dc7f7a972098beed2d03c6bdf81c7dc,8856400618621749d07364567a94c767d1e1f65e453fab1976a286752a70f4e5,2026-06-29T06:20:39.507260Z,2026-06-29T06:22:23.314493Z
run-0066-control,66,control,completed,20260628,gpt-5.5,xhigh,chatgpt_auth,False,resolved,False,False,False,28,3b886720d2550626732d64cb0cd69e8436c53bcb9b80fbdefb89fd3e090328a9,484,11379,11136,866,516,True,True,1,0,22350,20494,final_message,348,20494,38.74720357941834,6eca5c454c9f9e4b7ce5c5c22c73a2335dc7f7a972098beed2d03c6bdf81c7dc,3d4eacfdc32f31acc1c8ce47d02b50a69bc25fbcf48b62c2a9f438d250e9a5c7,2026-06-29T06:20:54.053196Z,2026-06-29T06:21:16.403096Z
run-0067-treatment,67,treatment,completed,20260628,gpt-5.5,xhigh,chatgpt_auth,True,resolved,True,True,False,21,9bf61b73cd3264360221c3c0e538e8995e6dac19b9852999c1da9719f4c94469,305,11394,11136,3320,3106,False,True,6,0,65900,65513,final_message,326,65513,50.3793626707132,6eca5c454c9f9e4b7ce5c5c22c73a2335dc7f7a972098beed2d03c6bdf81c7dc,8856400618621749d07364567a94c767d1e1f65e453fab1976a286752a70f4e5,2026-06-29T06:20:54.759961Z,2026-06-29T06:22:00.660125Z
run-0068-control,68,control,completed,20260628,gpt-5.5,xhigh,chatgpt_auth,True,resolved,True,True,False,21,0e949b60cce88e1936efe7dae323a071df57b57a5022b16aea92ee6cca5c4f72,296,11379,9088,3320,3106,False,True,6,0,64039,63696,final_message,367,63696,51.84340792329674,6eca5c454c9f9e4b7ce5c5c22c73a2335dc7f7a972098beed2d03c6bdf81c7dc,3d4eacfdc32f31acc1c8ce47d02b50a69bc25fbcf48b62c2a9f438d250e9a5c7,2026-06-29T06:20:59.150777Z,2026-06-29T06:22:03.189953Z
run-0069-control,69,control,completed,20260628,gpt-5.5,xhigh,chatgpt_auth,False,resolved,False,False,False,29,9c76a7053d737818f62f7f63ec72b409cbf2311e7134f753384d8230aa336ee4,283,11379,9088,718,516,True,True,1,0,18526,16819,final_message,385,16819,38.756342437655185,6eca5c454c9f9e4b7ce5c5c22c73a2335dc7f7a972098beed2d03c6bdf81c7dc,3d4eacfdc32f31acc1c8ce47d02b50a69bc25fbcf48b62c2a9f438d250e9a5c7,2026-06-29T06:21:16.404317Z,2026-06-29T06:21:34.930430Z
run-0070-treatment,70,treatment,completed,20260628,gpt-5.5,xhigh,chatgpt_auth,True,resolved,True,True,False,21,bf2cc06091f2a368d80edfd0da26157e85aa1125cd4e68a95328e7fc999e34d9,347,11394,9088,6983,6732,False,True,13,0,133237,132876,final_message,407,132876,52.41036648978888,6eca5c454c9f9e4b7ce5c5c22c73a2335dc7f7a972098beed2d03c6bdf81c7dc,8856400618621749d07364567a94c767d1e1f65e453fab1976a286752a70f4e5,2026-06-29T06:21:27.742793Z,2026-06-29T06:23:40.980203Z
run-0071-treatment,71,treatment,completed,20260628,gpt-5.5,xhigh,chatgpt_auth,True,resolved,True,True,False,21,133b9be9f860454f4e186f6ef30837f2c006bdce05b0c5c9df09ce32f0fbd64a,243,11394,11136,4839,4660,False,True,9,0,91526,91154,final_message,333,91154,52.87022266896838,6eca5c454c9f9e4b7ce5c5c22c73a2335dc7f7a972098beed2d03c6bdf81c7dc,8856400618621749d07364567a94c767d1e1f65e453fab1976a286752a70f4e5,2026-06-29T06:21:34.931511Z,2026-06-29T06:23:06.457101Z
run-0072-control,72,control,completed,20260628,gpt-5.5,xhigh,chatgpt_auth,False,resolved,False,False,False,29,80502d9a45e9749e5ed343cb6f1855c1748b189eb2c9208577c95b6ff8f6bea2,588,11379,9088,930,516,True,True,1,0,22439,20890,final_message,325,20890,41.44569722358394,6eca5c454c9f9e4b7ce5c5c22c73a2335dc7f7a972098beed2d03c6bdf81c7dc,3d4eacfdc32f31acc1c8ce47d02b50a69bc25fbcf48b62c2a9f438d250e9a5c7,2026-06-29T06:21:46.714213Z,2026-06-29T06:22:09.152969Z
run-0073-treatment,73,treatment,completed,20260628,gpt-5.5,xhigh,chatgpt_auth,False,resolved,False,False,False,29,0b03723af21562cdce2260b140b04f91dc2a76552184428e1bb60917cf793957,306,11394,9088,734,516,True,True,1,0,23052,21529,final_message,844,21529,31.841055006073226,6eca5c454c9f9e4b7ce5c5c22c73a2335dc7f7a972098beed2d03c6bdf81c7dc,8856400618621749d07364567a94c767d1e1f65e453fab1976a286752a70f4e5,2026-06-29T06:22:00.662616Z,2026-06-29T06:22:23.714660Z
run-0074-control,74,control,completed,20260628,gpt-5.5,xhigh,chatgpt_auth,False,resolved,False,False,False,30,8af113b50b1028c366504de6ec455ffb5c1685338e9eaf5efa5e4e09fd74e54d,265,11379,9088,702,516,True,True,1,0,25791,22790,final_message,443,22790,27.218797254856344,6eca5c454c9f9e4b7ce5c5c22c73a2335dc7f7a972098beed2d03c6bdf81c7dc,3d4eacfdc32f31acc1c8ce47d02b50a69bc25fbcf48b62c2a9f438d250e9a5c7,2026-06-29T06:22:03.191048Z,2026-06-29T06:22:28.982256Z
run-0075-control,75,control,completed,20260628,gpt-5.5,xhigh,chatgpt_auth,False,resolved,False,False,False,29,848f92b3e6cf44a82fb4e306bbd4528edc3cac5287185ac53d00568062e8b9d8,301,11379,9088,734,516,True,True,1,0,21464,19953,final_message,467,19953,34.196794632873655,6eca5c454c9f9e4b7ce5c5c22c73a2335dc7f7a972098beed2d03c6bdf81c7dc,3d4eacfdc32f31acc1c8ce47d02b50a69bc25fbcf48b62c2a9f438d250e9a5c7,2026-06-29T06:22:03.826766Z,2026-06-29T06:22:25.290831Z
run-0076-treatment,76,treatment,completed,20260628,gpt-5.5,xhigh,chatgpt_auth,True,resolved,True,True,False,21,3164ad581428e80c845c324bdd908e6388daf46b2942b88f2036b83b77dff0dc,235,11394,11136,6900,6732,False,True,13,0,128714,128335,final_message,454,128335,53.60722221358982,6eca5c454c9f9e4b7ce5c5c22c73a2335dc7f7a972098beed2d03c6bdf81c7dc,8856400618621749d07364567a94c767d1e1f65e453fab1976a286752a70f4e5,2026-06-29T06:22:07.802792Z,2026-06-29T06:24:16.517173Z
run-0077-treatment,77,treatment,completed,20260628,gpt-5.5,xhigh,chatgpt_auth,False,resolved,False,False,False,29,6b31a7fdfbfa042eb0bc64e48ab000cbfaab5558a4c9224c1d77aa2a9079bce3,261,11394,11136,703,516,True,True,1,0,27097,17360,final_message,390,17360,25.943831420452447,6eca5c454c9f9e4b7ce5c5c22c73a2335dc7f7a972098beed2d03c6bdf81c7dc,8856400618621749d07364567a94c767d1e1f65e453fab1976a286752a70f4e5,2026-06-29T06:22:09.154283Z,2026-06-29T06:22:36.251001Z
run-0078-control,78,control,completed,20260628,gpt-5.5,xhigh,chatgpt_auth,False,resolved,False,False,False,29,2c17f604cdfaef72f4b37e00558cd9b4600f7ea379325b95cc2e7c9004460b73,337,11379,9088,759,516,True,True,1,0,22485,17429,final_message,367,17429,33.755837224816545,6eca5c454c9f9e4b7ce5c5c22c73a2335dc7f7a972098beed2d03c6bdf81c7dc,3d4eacfdc32f31acc1c8ce47d02b50a69bc25fbcf48b62c2a9f438d250e9a5c7,2026-06-29T06:22:23.315690Z,2026-06-29T06:22:45.800861Z
run-0079-control,79,control,completed,20260628,gpt-5.5,xhigh,chatgpt_auth,False,resolved,False,False,False,29,73be63405253c74dfd360a4b40b30355bb3e0fa62c2602482df6b0328fc06f8d,586,11379,9088,949,516,True,True,1,0,89586,89226,final_message,534,89226,10.593173040430425,6eca5c454c9f9e4b7ce5c5c22c73a2335dc7f7a972098beed2d03c6bdf81c7dc,3d4eacfdc32f31acc1c8ce47d02b50a69bc25fbcf48b62c2a9f438d250e9a5c7,2026-06-29T06:22:23.717436Z,2026-06-29T06:23:53.303126Z
run-0080-treatment,80,treatment,completed,20260628,gpt-5.5,xhigh,chatgpt_auth,True,resolved,True,True,False,21,192be81d62b4dcaeb0d238e376fb27f4621436b499f0f39c953166faf35137d3,273,11394,9088,2786,2588,False,True,5,0,63007,62655,final_message,381,62655,44.21730918786802,6eca5c454c9f9e4b7ce5c5c22c73a2335dc7f7a972098beed2d03c6bdf81c7dc,8856400618621749d07364567a94c767d1e1f65e453fab1976a286752a70f4e5,2026-06-29T06:22:25.292121Z,2026-06-29T06:23:28.298922Z
run-0081-control,81,control,completed,20260628,gpt-5.5,xhigh,chatgpt_auth,False,resolved,False,False,False,35,e7f7f4dfa396ead8377bafe8e0c6acd4f0ea4e9257ee9e5af57add1e2be3075d,446,11379,11136,844,516,True,True,1,0,21024,19562,final_message,420,19562,40.144596651445966,6eca5c454c9f9e4b7ce5c5c22c73a2335dc7f7a972098beed2d03c6bdf81c7dc,3d4eacfdc32f31acc1c8ce47d02b50a69bc25fbcf48b62c2a9f438d250e9a5c7,2026-06-29T06:22:28.983683Z,2026-06-29T06:22:50.007247Z
run-0082-treatment,82,treatment,completed,20260628,gpt-5.5,xhigh,chatgpt_auth,True,resolved,True,True,False,21,2f46ae1ff1c0d5bb2a97556496c3824ea2ac7eb148604e28f09ba713df09e3d1,298,11394,9088,5922,5696,False,True,11,0,112389,111957,final_message,337,111957,52.69198942957051,6eca5c454c9f9e4b7ce5c5c22c73a2335dc7f7a972098beed2d03c6bdf81c7dc,8856400618621749d07364567a94c767d1e1f65e453fab1976a286752a70f4e5,2026-06-29T06:22:36.252098Z,2026-06-29T06:24:28.640660Z
run-0083-treatment,83,treatment,completed,20260628,gpt-5.5,xhigh,chatgpt_auth,False,resolved,False,False,False,36,898532ad6dc34305e99eb220b6536f7861a4551af96801fc5840170e3e8b7461,268,11394,11136,708,516,True,True,1,0,17828,16278,final_message,390,16278,39.71281130805475,6eca5c454c9f9e4b7ce5c5c22c73a2335dc7f7a972098beed2d03c6bdf81c7dc,8856400618621749d07364567a94c767d1e1f65e453fab1976a286752a70f4e5,2026-06-29T06:22:45.801959Z,2026-06-29T06:23:03.630427Z
run-0084-control,84,control,completed,20260628,gpt-5.5,xhigh,chatgpt_auth,False,resolved,False,False,False,29,02b0b65caa66532a81fbcfa00077b4a7a30e7e3eb82852231e9405d7e9f25b34,251,11379,11136,703,516,True,True,1,0,21045,19521,final_message,312,19521,33.40460917082442,6eca5c454c9f9e4b7ce5c5c22c73a2335dc7f7a972098beed2d03c6bdf81c7dc,3d4eacfdc32f31acc1c8ce47d02b50a69bc25fbcf48b62c2a9f438d250e9a5c7,2026-06-29T06:22:50.008952Z,2026-06-29T06:23:11.053684Z
run-0085-treatment,85,treatment,completed,20260628,gpt-5.5,xhigh,chatgpt_auth,False,resolved,False,False,False,29,271c801cc29e6872acf37b727ac5245354e0bee854e3ca553ded2ce7d452a0c7,381,11394,9088,800,516,True,True,1,0,23518,22028,final_message,366,22028,34.01649800153074,6eca5c454c9f9e4b7ce5c5c22c73a2335dc7f7a972098beed2d03c6bdf81c7dc,8856400618621749d07364567a94c767d1e1f65e453fab1976a286752a70f4e5,2026-06-29T06:23:03.631537Z,2026-06-29T06:23:27.149468Z
run-0086-control,86,control,completed,20260628,gpt-5.5,xhigh,chatgpt_auth,False,resolved,False,False,False,36,a95d6b8252b69df1684c4aac5a4edbffd29adfba213a31506034e5e6198967ff,577,11379,11136,939,516,True,True,1,0,26495,25081,final_message,488,25081,35.44064917909039,6eca5c454c9f9e4b7ce5c5c22c73a2335dc7f7a972098beed2d03c6bdf81c7dc,3d4eacfdc32f31acc1c8ce47d02b50a69bc25fbcf48b62c2a9f438d250e9a5c7,2026-06-29T06:23:06.459033Z,2026-06-29T06:23:32.953815Z
run-0087-control,87,control,completed,20260628,gpt-5.5,xhigh,chatgpt_auth,False,resolved,False,False,False,29,0cff66936b17d8dd790772e22c869c832bd31cfc0ac2d9f09f272a03f8bc98b3,669,11379,9088,974,516,True,True,1,0,23988,22442,final_message,494,22442,40.60363515090879,6eca5c454c9f9e4b7ce5c5c22c73a2335dc7f7a972098beed2d03c6bdf81c7dc,3d4eacfdc32f31acc1c8ce47d02b50a69bc25fbcf48b62c2a9f438d250e9a5c7,2026-06-29T06:23:11.055018Z,2026-06-29T06:23:35.043259Z
run-0088-treatment,88,treatment,completed,20260628,gpt-5.5,xhigh,chatgpt_auth,False,resolved,False,False,False,29,b7e5296cdf9fe98adb951ae0dc31e06b4b2bee9a86e3429a7d88ffd0e1edce69,280,11394,11136,724,516,True,True,1,0,18356,16828,final_message,324,16828,39.44214425800828,6eca5c454c9f9e4b7ce5c5c22c73a2335dc7f7a972098beed2d03c6bdf81c7dc,8856400618621749d07364567a94c767d1e1f65e453fab1976a286752a70f4e5,2026-06-29T06:23:27.150615Z,2026-06-29T06:23:45.506828Z
run-0089-control,89,control,completed,20260628,gpt-5.5,xhigh,chatgpt_auth,False,resolved,False,False,False,29,95e9220fd88107071d6dc29f2e9970ce3aa215edf1c1ed743de6338f493503f0,705,11379,9088,1018,516,True,True,1,0,23804,22260,final_message,477,22260,42.76592169383297,6eca5c454c9f9e4b7ce5c5c22c73a2335dc7f7a972098beed2d03c6bdf81c7dc,3d4eacfdc32f31acc1c8ce47d02b50a69bc25fbcf48b62c2a9f438d250e9a5c7,2026-06-29T06:23:28.300302Z,2026-06-29T06:23:52.104361Z
run-0090-treatment,90,treatment,completed,20260628,gpt-5.5,xhigh,chatgpt_auth,False,resolved,False,False,False,29,5cc8c15f8166f5386dcc142de54a5b884b97435d37d5edbb2bfd023e13e65b11,725,11394,9088,1035,516,True,True,1,0,28002,25893,final_message,365,25893,36.96164559674309,6eca5c454c9f9e4b7ce5c5c22c73a2335dc7f7a972098beed2d03c6bdf81c7dc,8856400618621749d07364567a94c767d1e1f65e453fab1976a286752a70f4e5,2026-06-29T06:23:32.955041Z,2026-06-29T06:24:00.956705Z
run-0091-control,91,control,completed,20260628,gpt-5.5,xhigh,chatgpt_auth,True,resolved,True,True,False,21,7272af62c3cec16ec81c772a9540ecfef1218b89577ec049f31c512166d8e065,301,11379,11136,3884,3624,False,True,7,0,77605,16908,final_message,536,16908,50.04832162876103,6eca5c454c9f9e4b7ce5c5c22c73a2335dc7f7a972098beed2d03c6bdf81c7dc,3d4eacfdc32f31acc1c8ce47d02b50a69bc25fbcf48b62c2a9f438d250e9a5c7,2026-06-29T06:23:35.044480Z,2026-06-29T06:24:52.649485Z
run-0092-treatment,92,treatment,completed,20260628,gpt-5.5,xhigh,chatgpt_auth,True,resolved,True,True,False,21,20294b0e366fcc103dc10232256f068230b392ea7bd20632b9b917109f6076aa,346,11394,9088,10616,10358,False,True,20,0,204470,203043,final_message,452,203043,51.91959700689588,6eca5c454c9f9e4b7ce5c5c22c73a2335dc7f7a972098beed2d03c6bdf81c7dc,8856400618621749d07364567a94c767d1e1f65e453fab1976a286752a70f4e5,2026-06-29T06:23:40.981334Z,2026-06-29T06:27:05.451326Z
run-0093-control,93,control,completed,20260628,gpt-5.5,xhigh,chatgpt_auth,False,resolved,False,False,False,23,a9ad5cf3a363a50e6ad56cdd6d62a70318d70a334187e72fbe4ec3f8ab415cf8,552,11379,9088,916,516,True,True,1,0,21793,20086,final_message,526,20086,42.031845087872256,6eca5c454c9f9e4b7ce5c5c22c73a2335dc7f7a972098beed2d03c6bdf81c7dc,3d4eacfdc32f31acc1c8ce47d02b50a69bc25fbcf48b62c2a9f438d250e9a5c7,2026-06-29T06:23:45.508600Z,2026-06-29T06:24:07.301315Z
run-0094-treatment,94,treatment,completed,20260628,gpt-5.5,xhigh,chatgpt_auth,True,resolved,True,True,False,21,7feb5ffd4a7428aff9a575219dacfc74ba885a2ed08abd925b445e0508afb4f6,398,11394,11136,4276,3985,False,False,,-157,85261,84927,final_message,299,84927,50.15188656009195,6eca5c454c9f9e4b7ce5c5c22c73a2335dc7f7a972098beed2d03c6bdf81c7dc,8856400618621749d07364567a94c767d1e1f65e453fab1976a286752a70f4e5,2026-06-29T06:23:52.105505Z,2026-06-29T06:25:17.366739Z
run-0095-treatment,95,treatment,completed,20260628,gpt-5.5,xhigh,chatgpt_auth,True,resolved,True,True,False,21,37766f8d2e249a7f080503294d3448c4e7c68c5bad4f45ea8fced768555191f7,248,11394,11136,7434,7250,False,True,14,0,146373,145986,final_message,380,145986,50.788055174109985,6eca5c454c9f9e4b7ce5c5c22c73a2335dc7f7a972098beed2d03c6bdf81c7dc,8856400618621749d07364567a94c767d1e1f65e453fab1976a286752a70f4e5,2026-06-29T06:23:53.304386Z,2026-06-29T06:26:19.677030Z
run-0096-control,96,control,completed,20260628,gpt-5.5,xhigh,chatgpt_auth,False,resolved,False,False,False,27,73bdb5b900a8809c09f1c65dfd7e903a547f34be7b7519b7fba6489f23a70afb,282,11379,11136,717,516,True,True,1,0,20136,18329,final_message,1186,18329,35.60786650774732,6eca5c454c9f9e4b7ce5c5c22c73a2335dc7f7a972098beed2d03c6bdf81c7dc,3d4eacfdc32f31acc1c8ce47d02b50a69bc25fbcf48b62c2a9f438d250e9a5c7,2026-06-29T06:44:00.839859Z,2026-06-29T06:44:20.976225Z
run-0097-control,97,control,completed,20260628,gpt-5.5,xhigh,chatgpt_auth,False,resolved,False,False,False,29,ebe0047ceadda19c8bd6d3959ec29fecea3c1563b80258610b46c1816c81611c,227,11379,11136,1193,1034,False,True,2,0,26577,24870,final_message,399,24870,44.888437370658835,6eca5c454c9f9e4b7ce5c5c22c73a2335dc7f7a972098beed2d03c6bdf81c7dc,3d4eacfdc32f31acc1c8ce47d02b50a69bc25fbcf48b62c2a9f438d250e9a5c7,2026-06-29T06:24:07.302439Z,2026-06-29T06:24:33.879353Z
run-0098-treatment,98,treatment,completed,20260628,gpt-5.5,xhigh,chatgpt_auth,True,resolved,True,True,False,21,5e8cdb00740ed872b2fddc6c500fdc2e72ad5db502a3a86a747b67e32531cd60,233,11394,9088,4835,4660,False,True,9,0,91229,90898,final_message,720,90898,52.998498284536716,6eca5c454c9f9e4b7ce5c5c22c73a2335dc7f7a972098beed2d03c6bdf81c7dc,8856400618621749d07364567a94c767d1e1f65e453fab1976a286752a70f4e5,2026-06-29T06:24:16.529597Z,2026-06-29T06:25:47.758350Z
run-0099-control,99,control,completed,20260628,gpt-5.5,xhigh,chatgpt_auth,False,resolved,False,False,False,29,f6ad4364bdbcbac54d78fd59812d0455ec32c9fa514c5f763f4d2bc5a6ed9257,468,11379,11136,838,516,True,True,1,0,21013,18798,final_message,340,18798,39.88007423975634,6eca5c454c9f9e4b7ce5c5c22c73a2335dc7f7a972098beed2d03c6bdf81c7dc,3d4eacfdc32f31acc1c8ce47d02b50a69bc25fbcf48b62c2a9f438d250e9a5c7,2026-06-29T06:24:28.641756Z,2026-06-29T06:24:49.654950Z
run-0100-treatment,100,treatment,completed,20260628,gpt-5.5,xhigh,chatgpt_auth,True,resolved,True,True,False,21,dd88e5d440e8255abf8501fd33b8d7c0e9442f979b9029a85f58972eeed35b72,230,11394,9088,4322,4142,False,True,8,0,84401,83948,final_message,2605,83948,51.20792407672895,6eca5c454c9f9e4b7ce5c5c22c73a2335dc7f7a972098beed2d03c6bdf81c7dc,8856400618621749d07364567a94c767d1e1f65e453fab1976a286752a70f4e5,2026-06-29T06:44:00.840777Z,2026-06-29T06:45:25.242212Z
run-0101-control,101,control,completed,20260628,gpt-5.5,xhigh,chatgpt_auth,False,resolved,False,False,False,29,e5690ce16fe7d636d95a43e7b2237424ac1a9c7b10332cf0f6c87914d111f599,208,11379,9088,665,516,True,True,1,0,17161,15502,final_message,307,15502,38.750655556203014,6eca5c454c9f9e4b7ce5c5c22c73a2335dc7f7a972098beed2d03c6bdf81c7dc,3d4eacfdc32f31acc1c8ce47d02b50a69bc25fbcf48b62c2a9f438d250e9a5c7,2026-06-29T06:24:49.656062Z,2026-06-29T06:25:06.817431Z
run-0102-treatment,102,treatment,completed,20260628,gpt-5.5,xhigh,chatgpt_auth,True,resolved,True,True,False,21,78b8a44bccfb6cab9830b9a849c1fb78d0e1e62e0f509bae3923a44dc06db893,237,11394,9088,4841,4660,False,True,9,0,90940,90591,final_message,390,90591,53.23290081372333,6eca5c454c9f9e4b7ce5c5c22c73a2335dc7f7a972098beed2d03c6bdf81c7dc,8856400618621749d07364567a94c767d1e1f65e453fab1976a286752a70f4e5,2026-06-29T06:24:52.650623Z,2026-06-29T06:26:23.590781Z
run-0103-treatment,103,treatment,completed,20260628,gpt-5.5,xhigh,chatgpt_auth,False,resolved,False,False,False,29,aaff43e4fbb9597880874fa44c779ebdb15e38b4656f38980db34d8e0071332c,286,11394,11136,682,471,False,False,,-45,17366,15857,final_message,343,15857,39.27214096510423,6eca5c454c9f9e4b7ce5c5c22c73a2335dc7f7a972098beed2d03c6bdf81c7dc,8856400618621749d07364567a94c767d1e1f65e453fab1976a286752a70f4e5,2026-06-29T06:25:06.818534Z,2026-06-29T06:25:24.184955Z
run-0104-control,104,control,completed,20260628,gpt-5.5,xhigh,chatgpt_auth,False,resolved,False,False,False,29,a0d224cbd814ac25c7bbe5813ed8e94a180bf32cae11d118383c75da88166f76,325,11379,11136,739,516,True,True,1,0,23476,16860,final_message,369,16860,31.478957232918727,6eca5c454c9f9e4b7ce5c5c22c73a2335dc7f7a972098beed2d03c6bdf81c7dc,3d4eacfdc32f31acc1c8ce47d02b50a69bc25fbcf48b62c2a9f438d250e9a5c7,2026-06-29T06:25:17.367841Z,2026-06-29T06:25:40.844120Z
run-0105-treatment,105,treatment,completed,20260628,gpt-5.5,xhigh,chatgpt_auth,False,resolved,False,False,False,29,0785774bd7774984311728a325965d3b9d13eb21b639caf37f0d9032056ae5ff,272,11394,9088,717,516,True,True,1,0,18316,16535,final_message,309,16535,39.14610176894519,6eca5c454c9f9e4b7ce5c5c22c73a2335dc7f7a972098beed2d03c6bdf81c7dc,8856400618621749d07364567a94c767d1e1f65e453fab1976a286752a70f4e5,2026-06-29T06:25:24.186029Z,2026-06-29T06:25:42.502444Z
run-0106-control,106,control,completed,20260628,gpt-5.5,xhigh,chatgpt_auth,False,resolved,False,False,False,26,4e878090a18361ba53cb8df120b3c44c6dc50dcb3f37316f2e38a137f894c676,312,11379,11136,743,516,True,True,1,0,20712,19058,final_message,377,19058,35.87292390884512,6eca5c454c9f9e4b7ce5c5c22c73a2335dc7f7a972098beed2d03c6bdf81c7dc,3d4eacfdc32f31acc1c8ce47d02b50a69bc25fbcf48b62c2a9f438d250e9a5c7,2026-06-29T06:25:40.847335Z,2026-06-29T06:26:01.559313Z
run-0107-treatment,107,treatment,completed,20260628,gpt-5.5,xhigh,chatgpt_auth,False,resolved,False,False,False,29,0a7a6144c8cd4651d6ec2db6304432ae511c405bff86b3ee06114234543c2ea4,659,11394,9088,985,516,True,True,1,0,22931,21394,final_message,358,21394,42.95495181195761,6eca5c454c9f9e4b7ce5c5c22c73a2335dc7f7a972098beed2d03c6bdf81c7dc,8856400618621749d07364567a94c767d1e1f65e453fab1976a286752a70f4e5,2026-06-29T06:25:42.504210Z,2026-06-29T06:26:05.435718Z
run-0108-control,108,control,completed,20260628,gpt-5.5,xhigh,chatgpt_auth,False,resolved,False,False,False,29,b79a3223805b95e7d41fec34af4741dae93f6cd5af87ee6bc83c075259a658eb,369,11379,4480,782,516,True,True,1,0,19323,17631,final_message,327,17631,40.46990632924494,6eca5c454c9f9e4b7ce5c5c22c73a2335dc7f7a972098beed2d03c6bdf81c7dc,3d4eacfdc32f31acc1c8ce47d02b50a69bc25fbcf48b62c2a9f438d250e9a5c7,2026-06-29T06:25:47.759423Z,2026-06-29T06:26:07.082054Z
run-0109-control,109,control,completed,20260628,gpt-5.5,xhigh,chatgpt_auth,True,resolved,True,True,False,21,4381969559e8ad34c16e5fb572a2d3c2d8bd24e0385e5157a43e501983c17a59,317,11379,11136,3850,3624,False,True,7,0,73996,73583,final_message,680,73583,52.029839450781125,6eca5c454c9f9e4b7ce5c5c22c73a2335dc7f7a972098beed2d03c6bdf81c7dc,3d4eacfdc32f31acc1c8ce47d02b50a69bc25fbcf48b62c2a9f438d250e9a5c7,2026-06-29T06:26:01.561398Z,2026-06-29T06:27:15.557270Z
run-0110-treatment,110,treatment,completed,20260628,gpt-5.5,xhigh,chatgpt_auth,True,resolved,True,True,False,21,4cdff2309936f0b45233640b5c37dcb9d1aff0008398ead7e81fd6009c579446,237,11394,11136,2771,2588,False,True,5,0,55846,54304,final_message,456,54304,49.61859399061706,6eca5c454c9f9e4b7ce5c5c22c73a2335dc7f7a972098beed2d03c6bdf81c7dc,8856400618621749d07364567a94c767d1e1f65e453fab1976a286752a70f4e5,2026-06-29T06:26:05.437285Z,2026-06-29T06:27:01.283439Z
run-0111-control,111,control,completed,20260628,gpt-5.5,xhigh,chatgpt_auth,True,resolved,True,True,False,21,b4114ec73b8b39b24731bfd95c02c5f4003e49708b501feb0c8ab259e5968330,300,11379,9088,3326,3106,False,True,6,0,64785,64425,final_message,671,64425,51.33904453191325,6eca5c454c9f9e4b7ce5c5c22c73a2335dc7f7a972098beed2d03c6bdf81c7dc,3d4eacfdc32f31acc1c8ce47d02b50a69bc25fbcf48b62c2a9f438d250e9a5c7,2026-06-29T06:26:07.085431Z,2026-06-29T06:27:11.870290Z
run-0112-treatment,112,treatment,completed,20260628,gpt-5.5,xhigh,chatgpt_auth,False,resolved,False,False,False,29,35d05ebd4ec1892a5eaf4c66567c22c5c4f5a39c415c8517bc6ca2ad2867aaf6,255,11394,9088,1218,1034,False,True,2,0,26995,25387,final_message,378,25387,45.11946656788294,6eca5c454c9f9e4b7ce5c5c22c73a2335dc7f7a972098beed2d03c6bdf81c7dc,8856400618621749d07364567a94c767d1e1f65e453fab1976a286752a70f4e5,2026-06-29T06:26:19.678164Z,2026-06-29T06:26:46.672775Z
run-0113-treatment,113,treatment,completed,20260628,gpt-5.5,xhigh,chatgpt_auth,True,resolved,True,True,False,21,6dbbd79367a58c5d9b44e3946de304d1076880c42bbf6dcc3bc746e8bbe6516c,270,11394,11136,3305,3106,False,True,6,0,63834,63473,final_message,331,63473,51.774916188864864,6eca5c454c9f9e4b7ce5c5c22c73a2335dc7f7a972098beed2d03c6bdf81c7dc,8856400618621749d07364567a94c767d1e1f65e453fab1976a286752a70f4e5,2026-06-29T06:26:23.591933Z,2026-06-29T06:27:27.425601Z
run-0114-control,114,control,completed,20260628,gpt-5.5,xhigh,chatgpt_auth,False,resolved,False,False,False,29,9e7c019a23519ba7254963ea5860273abb040f15fe7f2febfee2884fc82ad040,286,11379,11136,731,516,True,True,1,0,20107,18379,final_message,334,18379,36.355498085243944,6eca5c454c9f9e4b7ce5c5c22c73a2335dc7f7a972098beed2d03c6bdf81c7dc,3d4eacfdc32f31acc1c8ce47d02b50a69bc25fbcf48b62c2a9f438d250e9a5c7,2026-06-29T06:26:46.673863Z,2026-06-29T06:27:06.780772Z
run-0115-treatment,115,treatment,completed,20260628,gpt-5.5,xhigh,chatgpt_auth,False,resolved,False,False,False,29,d00ed05038b98dfa71241cb4c171b445bde316fb91471aac5d37d16f810082ea,275,11394,11136,710,516,True,True,1,0,19285,17597,final_message,398,17597,36.81617837697692,6eca5c454c9f9e4b7ce5c5c22c73a2335dc7f7a972098beed2d03c6bdf81c7dc,8856400618621749d07364567a94c767d1e1f65e453fab1976a286752a70f4e5,2026-06-29T06:27:01.284542Z,2026-06-29T06:27:20.569061Z
run-0116-control,116,control,completed,20260628,gpt-5.5,xhigh,chatgpt_auth,True,resolved,True,True,False,21,b17a927037c56ec1ea4425fc2465ac7c097e00e36494515f510dcd715da17c09,344,11379,11136,4454,4142,False,True,8,0,116289,16963,final_message,339,16963,38.301129083576264,6eca5c454c9f9e4b7ce5c5c22c73a2335dc7f7a972098beed2d03c6bdf81c7dc,3d4eacfdc32f31acc1c8ce47d02b50a69bc25fbcf48b62c2a9f438d250e9a5c7,2026-06-29T06:27:05.452547Z,2026-06-29T06:29:01.741273Z
run-0117-treatment,117,treatment,completed,20260628,gpt-5.5,xhigh,chatgpt_auth,True,resolved,True,True,False,21,ff156c3623f8180fd249ccf26e41f3d72cf4f5a0b78203834732030239877a23,250,11394,9088,3286,3106,False,True,6,0,80087,62950,final_message,405,62950,41.03037946233471,6eca5c454c9f9e4b7ce5c5c22c73a2335dc7f7a972098beed2d03c6bdf81c7dc,8856400618621749d07364567a94c767d1e1f65e453fab1976a286752a70f4e5,2026-06-29T06:27:06.782010Z,2026-06-29T06:28:26.869006Z
run-0118-control,118,control,completed,20260628,gpt-5.5,xhigh,chatgpt_auth,False,resolved,False,False,False,35,c2f7dcc5a94efc900da3aacc3d4df53fc0fcc5160a603960ce5077135db17a35,406,11379,11136,799,516,True,True,1,0,20148,18635,final_message,285,18635,39.65654159221759,6eca5c454c9f9e4b7ce5c5c22c73a2335dc7f7a972098beed2d03c6bdf81c7dc,3d4eacfdc32f31acc1c8ce47d02b50a69bc25fbcf48b62c2a9f438d250e9a5c7,2026-06-29T06:27:11.871422Z,2026-06-29T06:27:32.019849Z
run-0119-control,119,control,completed,20260628,gpt-5.5,xhigh,chatgpt_auth,False,resolved,False,False,False,29,ea73057456d93d3a64c50c18a17438040948071f698ec2939896fb88df78d555,321,11379,11136,746,516,True,True,1,0,19437,17730,final_message,433,17730,38.380408499253996,6eca5c454c9f9e4b7ce5c5c22c73a2335dc7f7a972098beed2d03c6bdf81c7dc,3d4eacfdc32f31acc1c8ce47d02b50a69bc25fbcf48b62c2a9f438d250e9a5c7,2026-06-29T06:27:15.558516Z,2026-06-29T06:27:34.995382Z
run-0120-treatment,120,treatment,completed,20260628,gpt-5.5,xhigh,chatgpt_auth,False,resolved,False,False,False,29,845db959cf1d44561210111a8bc2c6a8c61fa435dd0d6c59b0baeb7f1be8e1de,315,11394,9088,746,516,True,True,1,0,19393,17835,final_message,358,17835,38.467488268963024,6eca5c454c9f9e4b7ce5c5c22c73a2335dc7f7a972098beed2d03c6bdf81c7dc,8856400618621749d07364567a94c767d1e1f65e453fab1976a286752a70f4e5,2026-06-29T06:27:20.570144Z,2026-06-29T06:27:39.963098Z
run-0121-treatment,121,treatment,completed,20260628,gpt-5.5,xhigh,chatgpt_auth,False,resolved,False,False,False,28,c27a42bbe11aa6031b000f01bec5b93cc79f6ed3387c4a11b56cd0064bc59f2f,580,11394,9088,913,516,True,True,1,0,24670,23146,final_message,401,23146,37.00851236319416,6eca5c454c9f9e4b7ce5c5c22c73a2335dc7f7a972098beed2d03c6bdf81c7dc,8856400618621749d07364567a94c767d1e1f65e453fab1976a286752a70f4e5,2026-06-29T06:27:27.426772Z,2026-06-29T06:27:52.096498Z
run-0122-control,122,control,completed,20260628,gpt-5.5,xhigh,chatgpt_auth,False,resolved,False,False,False,29,35a698666ac797dd722a2b847b60456164f283a4e75454243d85bb41f6d3e190,294,11379,11136,729,516,True,True,1,0,18434,16974,final_message,461,16974,39.54649018118693,6eca5c454c9f9e4b7ce5c5c22c73a2335dc7f7a972098beed2d03c6bdf81c7dc,3d4eacfdc32f31acc1c8ce47d02b50a69bc25fbcf48b62c2a9f438d250e9a5c7,2026-06-29T06:27:32.021131Z,2026-06-29T06:27:50.454958Z
run-0123-control,123,control,completed,20260628,gpt-5.5,xhigh,chatgpt_auth,True,resolved,True,True,False,21,945a2851e645af12094919b555a08cb8f7b37c5a1799202a58b563e359a2bb58,335,11379,11136,2835,2588,False,True,5,0,65412,65063,final_message,930,65063,43.34067143643368,6eca5c454c9f9e4b7ce5c5c22c73a2335dc7f7a972098beed2d03c6bdf81c7dc,3d4eacfdc32f31acc1c8ce47d02b50a69bc25fbcf48b62c2a9f438d250e9a5c7,2026-06-29T06:44:00.841535Z,2026-06-29T06:45:06.253129Z
run-0124-treatment,124,treatment,completed,20260628,gpt-5.5,xhigh,chatgpt_auth,True,resolved,True,True,False,21,654f2d51b0ebc180862255d09c69c8dd5c9633282bceae9498405a1afc9f6ec0,316,11394,9088,3857,3624,False,True,7,0,86191,79484,final_message,436,79484,44.74945179891172,6eca5c454c9f9e4b7ce5c5c22c73a2335dc7f7a972098beed2d03c6bdf81c7dc,8856400618621749d07364567a94c767d1e1f65e453fab1976a286752a70f4e5,2026-06-29T06:27:39.964252Z,2026-06-29T06:29:06.155197Z
run-0125-control,125,control,completed,20260628,gpt-5.5,xhigh,chatgpt_auth,False,resolved,False,False,False,29,22e01f05e62c37a0301c973ed6a7de1050905da0f5fe5cb2d3cabe6eda91a4aa,527,11379,11136,888,516,True,True,1,0,29433,19384,final_message,319,19384,30.170217103251453,6eca5c454c9f9e4b7ce5c5c22c73a2335dc7f7a972098beed2d03c6bdf81c7dc,3d4eacfdc32f31acc1c8ce47d02b50a69bc25fbcf48b62c2a9f438d250e9a5c7,2026-06-29T06:27:50.456076Z,2026-06-29T06:28:19.888815Z
run-0126-treatment,126,treatment,completed,20260628,gpt-5.5,xhigh,chatgpt_auth,False,resolved,False,False,False,28,70b26f8466c2b9afee6a4bfa9df80e0dc024894674808980331f42efe03539a6,188,11394,9088,655,516,True,True,1,0,25259,15211,final_message,316,15211,25.931351201551923,6eca5c454c9f9e4b7ce5c5c22c73a2335dc7f7a972098beed2d03c6bdf81c7dc,8856400618621749d07364567a94c767d1e1f65e453fab1976a286752a70f4e5,2026-06-29T06:27:52.097659Z,2026-06-29T06:28:17.356856Z
run-0127-treatment,127,treatment,completed,20260628,gpt-5.5,xhigh,chatgpt_auth,False,resolved,False,False,False,36,ffe8717c6b609c40552b984e8cd9e685c8373de438bfb218d6abd5a6cc04eb7f,433,11394,11136,828,516,True,True,1,0,22454,20811,final_message,1930,20811,36.87538968557941,6eca5c454c9f9e4b7ce5c5c22c73a2335dc7f7a972098beed2d03c6bdf81c7dc,8856400618621749d07364567a94c767d1e1f65e453fab1976a286752a70f4e5,2026-06-29T06:44:00.842456Z,2026-06-29T06:44:23.296759Z
run-0128-control,128,control,completed,20260628,gpt-5.5,xhigh,chatgpt_auth,False,resolved,False,False,False,29,78f21fcd37ad5ba8a9c686b56ff70a9c73b51ac2bb0ed850b4893b67226bd9b5,305,11379,11136,735,516,True,True,1,0,20959,19085,final_message,1929,19085,35.068467007013695,6eca5c454c9f9e4b7ce5c5c22c73a2335dc7f7a972098beed2d03c6bdf81c7dc,3d4eacfdc32f31acc1c8ce47d02b50a69bc25fbcf48b62c2a9f438d250e9a5c7,2026-06-29T06:44:00.843410Z,2026-06-29T06:44:21.802792Z
run-0129-control,129,control,completed,20260628,gpt-5.5,xhigh,chatgpt_auth,False,resolved,False,False,False,30,2ff980062dae9c51ecf1dc1c34603048fe25e226d7abe634e706cde876d4c229,433,11379,9088,824,516,True,True,1,0,22133,20470,final_message,2095,20470,37.22947634753535,6eca5c454c9f9e4b7ce5c5c22c73a2335dc7f7a972098beed2d03c6bdf81c7dc,3d4eacfdc32f31acc1c8ce47d02b50a69bc25fbcf48b62c2a9f438d250e9a5c7,2026-06-29T06:44:00.844575Z,2026-06-29T06:44:22.978053Z
run-0130-treatment,130,treatment,completed,20260628,gpt-5.5,xhigh,chatgpt_auth,False,resolved,False,False,False,29,43529522ed5d41514491ff2ea24f9800673417c56f429ca4fcc25dcef26c1ad8,292,11394,11136,719,516,True,True,1,0,20132,18499,final_message,2387,18499,35.71428571428571,6eca5c454c9f9e4b7ce5c5c22c73a2335dc7f7a972098beed2d03c6bdf81c7dc,8856400618621749d07364567a94c767d1e1f65e453fab1976a286752a70f4e5,2026-06-29T06:44:00.845818Z,2026-06-29T06:44:20.977901Z
run-0131-treatment,131,treatment,completed,20260628,gpt-5.5,xhigh,chatgpt_auth,True,resolved,True,True,False,21,d3a5c759004ed6a3af764637b2396a147cf43bc7a916aa58a0538e4f82c08b3c,244,11394,11136,5357,5178,False,True,10,0,102093,101733,final_message,2446,101733,52.47176593889885,6eca5c454c9f9e4b7ce5c5c22c73a2335dc7f7a972098beed2d03c6bdf81c7dc,8856400618621749d07364567a94c767d1e1f65e453fab1976a286752a70f4e5,2026-06-29T06:44:00.847725Z,2026-06-29T06:45:42.941016Z
run-0132-control,132,control,completed,20260628,gpt-5.5,xhigh,chatgpt_auth,False,resolved,False,False,False,28,bd5a9e8d6924a3f9651ec03938863f9c5bce66705d3fe31759c88f1505cc3588,333,11379,9088,752,516,True,True,1,0,18801,17249,final_message,676,17249,39.9978724535929,6eca5c454c9f9e4b7ce5c5c22c73a2335dc7f7a972098beed2d03c6bdf81c7dc,3d4eacfdc32f31acc1c8ce47d02b50a69bc25fbcf48b62c2a9f438d250e9a5c7,2026-06-29T06:44:20.977480Z,2026-06-29T06:44:39.778627Z
run-0133-treatment,133,treatment,completed,20260628,gpt-5.5,xhigh,chatgpt_auth,True,resolved,True,True,False,21,5309846832dba0979067fd6fa8ebe40ba6c9487e4a2879060f5fb6a03466e98e,251,11394,11136,3811,3624,False,True,7,0,73303,72951,final_message,491,72951,51.98968664311147,6eca5c454c9f9e4b7ce5c5c22c73a2335dc7f7a972098beed2d03c6bdf81c7dc,8856400618621749d07364567a94c767d1e1f65e453fab1976a286752a70f4e5,2026-06-29T06:44:20.978770Z,2026-06-29T06:45:34.281296Z
run-0134-control,134,control,completed,20260628,gpt-5.5,xhigh,chatgpt_auth,False,resolved,False,False,False,29,fadc5185db27d7f22b0fb2aa04e99c51042ad7bc4bf1769004596383510cb496,204,11379,9088,663,516,True,True,1,0,223989,221929,final_message,328,221929,2.959966784083147,6eca5c454c9f9e4b7ce5c5c22c73a2335dc7f7a972098beed2d03c6bdf81c7dc,3d4eacfdc32f31acc1c8ce47d02b50a69bc25fbcf48b62c2a9f438d250e9a5c7,2026-06-29T06:31:56.861078Z,2026-06-29T06:35:40.849831Z
run-0135-control,135,control,completed,20260628,gpt-5.5,xhigh,chatgpt_auth,False,resolved,False,False,False,29,e691f7b73f258ac4cd27ce4db4b83a458bcf885a2b2ad255c6f0de53323e2df7,195,11379,11136,659,516,True,True,1,0,218983,215320,final_message,569,215320,3.0093660238466,6eca5c454c9f9e4b7ce5c5c22c73a2335dc7f7a972098beed2d03c6bdf81c7dc,3d4eacfdc32f31acc1c8ce47d02b50a69bc25fbcf48b62c2a9f438d250e9a5c7,2026-06-29T06:32:03.238206Z,2026-06-29T06:35:42.220881Z
run-0136-treatment,136,treatment,completed,20260628,gpt-5.5,xhigh,chatgpt_auth,False,resolved,False,False,False,29,7b000e4eeb473d3dc828ac93c7d570776a79fb92651c59cb7f256d4873d4798a,396,11394,9088,803,516,True,True,1,0,26206,21573,final_message,501,21573,30.64183774708082,6eca5c454c9f9e4b7ce5c5c22c73a2335dc7f7a972098beed2d03c6bdf81c7dc,8856400618621749d07364567a94c767d1e1f65e453fab1976a286752a70f4e5,2026-06-29T06:44:21.804110Z,2026-06-29T06:44:48.010010Z
run-0137-treatment,137,treatment,completed,20260628,gpt-5.5,xhigh,chatgpt_auth,False,resolved,False,False,False,29,cf7b1b5a3be83c2d0434929366e4e6f4c84d2ff6cc5b9c4744887881feb98c06,220,11394,9088,678,516,True,True,1,0,185242,184266,final_message,469,184266,3.660077088349295,6eca5c454c9f9e4b7ce5c5c22c73a2335dc7f7a972098beed2d03c6bdf81c7dc,8856400618621749d07364567a94c767d1e1f65e453fab1976a286752a70f4e5,2026-06-29T06:32:35.008182Z,2026-06-29T06:35:40.249883Z
run-0138-control,138,control,completed,20260628,gpt-5.5,xhigh,chatgpt_auth,False,resolved,False,False,False,34,945d576ab9dfd8b3f6b1024937e1ae80b4da862b5f90da7153d940f162f40470,488,11379,11136,844,516,True,True,1,0,191269,186222,final_message,764,186222,4.412633516147415,6eca5c454c9f9e4b7ce5c5c22c73a2335dc7f7a972098beed2d03c6bdf81c7dc,3d4eacfdc32f31acc1c8ce47d02b50a69bc25fbcf48b62c2a9f438d250e9a5c7,2026-06-29T06:32:37.132835Z,2026-06-29T06:35:48.402324Z
run-0139-control,139,control,completed,20260628,gpt-5.5,xhigh,chatgpt_auth,False,resolved,False,False,False,29,3e82f26c47f010affb1784c21dff82f17772e12ea4c593eae0236c5f6daa0b9c,365,11379,11136,776,516,True,True,1,0,193321,191202,final_message,858,191202,4.014049172102358,6eca5c454c9f9e4b7ce5c5c22c73a2335dc7f7a972098beed2d03c6bdf81c7dc,3d4eacfdc32f31acc1c8ce47d02b50a69bc25fbcf48b62c2a9f438d250e9a5c7,2026-06-29T06:32:37.935080Z,2026-06-29T06:35:51.256555Z
run-0140-treatment,140,treatment,completed,20260628,gpt-5.5,xhigh,chatgpt_auth,False,resolved,False,False,False,29,991279f979cee3aa07564b869f5f19ab24ac362e1a67b9584b4bae412f87d1bb,308,11394,11136,741,516,True,True,1,0,187078,179065,final_message,395,179065,3.960914698681833,6eca5c454c9f9e4b7ce5c5c22c73a2335dc7f7a972098beed2d03c6bdf81c7dc,8856400618621749d07364567a94c767d1e1f65e453fab1976a286752a70f4e5,2026-06-29T06:32:42.554312Z,2026-06-29T06:35:49.632404Z
run-0141-control,141,control,completed,20260628,gpt-5.5,xhigh,chatgpt_auth,False,resolved,False,False,False,29,25de913780ba3ee392d85f9c0195d5d37af3290058ddd0b4e01737f9e1860484,456,11379,9088,846,516,True,True,1,0,162440,153765,final_message,357,153765,5.208076828367397,6eca5c454c9f9e4b7ce5c5c22c73a2335dc7f7a972098beed2d03c6bdf81c7dc,3d4eacfdc32f31acc1c8ce47d02b50a69bc25fbcf48b62c2a9f438d250e9a5c7,2026-06-29T06:33:09.588995Z,2026-06-29T06:35:52.029374Z
run-0142-treatment,142,treatment,completed,20260628,gpt-5.5,xhigh,chatgpt_auth,False,resolved,False,False,False,23,9ee3f5d5fd2a479b64f31f1f76ae91580e047c8049cbcdf39617fc4f11aea6da,360,11394,9088,778,516,True,True,1,0,26994,24427,final_message,562,24427,28.821219530265985,6eca5c454c9f9e4b7ce5c5c22c73a2335dc7f7a972098beed2d03c6bdf81c7dc,8856400618621749d07364567a94c767d1e1f65e453fab1976a286752a70f4e5,2026-06-29T06:35:40.251208Z,2026-06-29T06:36:07.245397Z
run-0143-control,143,control,completed,20260628,gpt-5.5,xhigh,chatgpt_auth,True,resolved,True,True,False,21,71886f0110e9edd882fe155962d3a4ea5cf6e0c9897e8e833e6ed3018f8c5fad,297,11379,11136,9057,8792,False,False,,-12,182380,29652,final_message,467,29652,49.66005044412765,6eca5c454c9f9e4b7ce5c5c22c73a2335dc7f7a972098beed2d03c6bdf81c7dc,3d4eacfdc32f31acc1c8ce47d02b50a69bc25fbcf48b62c2a9f438d250e9a5c7,2026-06-29T06:35:40.852130Z,2026-06-29T06:38:43.232317Z
run-0144-treatment,144,treatment,completed,20260628,gpt-5.5,xhigh,chatgpt_auth,False,resolved,False,False,False,29,fd6997e28a951e36193b6b97324aeead8fd4fb1454f7bc95a9633219f4943d12,425,11394,9088,823,516,True,True,1,0,28527,24893,final_message,506,24893,28.849861534686436,6eca5c454c9f9e4b7ce5c5c22c73a2335dc7f7a972098beed2d03c6bdf81c7dc,8856400618621749d07364567a94c767d1e1f65e453fab1976a286752a70f4e5,2026-06-29T06:35:42.222244Z,2026-06-29T06:36:10.749504Z
run-0145-treatment,145,treatment,completed,20260628,gpt-5.5,xhigh,chatgpt_auth,True,resolved,True,True,False,21,ea2401027ece047c74a5e0059cbb4f230f9078e329442e41db0ca6ad70c489b8,296,11394,9088,7975,7768,False,True,15,0,165728,155716,final_message,491,155716,48.121017570959644,6eca5c454c9f9e4b7ce5c5c22c73a2335dc7f7a972098beed2d03c6bdf81c7dc,8856400618621749d07364567a94c767d1e1f65e453fab1976a286752a70f4e5,2026-06-29T06:35:48.403760Z,2026-06-29T06:38:34.131615Z
run-0146-control,146,control,completed,20260628,gpt-5.5,xhigh,chatgpt_auth,False,resolved,False,False,False,29,650ec8f3c83c145d501efde7bf6ff6a0e5dc4786659ffee04b6d7fcd0b8f84c9,339,11379,9088,760,516,True,True,1,0,21622,18496,final_message,347,18496,35.1493848857645,6eca5c454c9f9e4b7ce5c5c22c73a2335dc7f7a972098beed2d03c6bdf81c7dc,3d4eacfdc32f31acc1c8ce47d02b50a69bc25fbcf48b62c2a9f438d250e9a5c7,2026-06-29T06:35:49.633866Z,2026-06-29T06:36:11.256252Z
run-0147-control,147,control,completed,20260628,gpt-5.5,xhigh,chatgpt_auth,False,resolved,False,False,False,30,c24f1a557187a518e711b551485b287ff3347eacccbf10e78032fba868120586,402,11379,11136,810,516,True,True,1,0,30341,20268,final_message,588,20268,26.69654922382255,6eca5c454c9f9e4b7ce5c5c22c73a2335dc7f7a972098beed2d03c6bdf81c7dc,3d4eacfdc32f31acc1c8ce47d02b50a69bc25fbcf48b62c2a9f438d250e9a5c7,2026-06-29T06:35:51.258029Z,2026-06-29T06:36:21.599041Z
run-0148-treatment,148,treatment,completed,20260628,gpt-5.5,xhigh,chatgpt_auth,False,resolved,False,False,False,29,49ad5170e160de662b56fa82a3d4910ff5a18517439dd4f5f4905cbd6bc4afee,477,11394,11136,865,516,True,True,1,0,31157,20935,final_message,522,20935,27.762621561767823,6eca5c454c9f9e4b7ce5c5c22c73a2335dc7f7a972098beed2d03c6bdf81c7dc,8856400618621749d07364567a94c767d1e1f65e453fab1976a286752a70f4e5,2026-06-29T06:35:52.030936Z,2026-06-29T06:36:23.188307Z
run-0149-treatment,149,treatment,completed,20260628,gpt-5.5,xhigh,chatgpt_auth,False,resolved,False,False,False,29,4c2ddeca686c9097d01b8e7c27eb78ef5f0fc28da333830be10ead69ff4dedac,304,11394,9088,729,516,True,True,1,0,33987,25844,final_message,343,25844,21.449377703239474,6eca5c454c9f9e4b7ce5c5c22c73a2335dc7f7a972098beed2d03c6bdf81c7dc,8856400618621749d07364567a94c767d1e1f65e453fab1976a286752a70f4e5,2026-06-29T06:36:07.246565Z,2026-06-29T06:36:41.233123Z
run-0150-control,150,control,completed,20260628,gpt-5.5,xhigh,chatgpt_auth,False,resolved,False,False,False,29,8eaeab593df57b7607c1cb37496b082b51d0cddb39ee5ff41f14ea4e6bd70f2c,361,11379,9088,775,516,True,True,1,0,30938,23635,final_message,723,23635,25.050100200400802,6eca5c454c9f9e4b7ce5c5c22c73a2335dc7f7a972098beed2d03c6bdf81c7dc,3d4eacfdc32f31acc1c8ce47d02b50a69bc25fbcf48b62c2a9f438d250e9a5c7,2026-06-29T06:36:10.750777Z,2026-06-29T06:36:41.688919Z
run-0151-control,151,control,completed,20260628,gpt-5.5,xhigh,chatgpt_auth,True,ambiguous,False,True,False,29,8394a3ff85e3341202330871c9fde06457859310aac8aa686b78df5f48fdd32a,281,11379,9088,4393,4142,False,True,8,0,97503,18230,final_message,1030,18230,45.05502394798109,6eca5c454c9f9e4b7ce5c5c22c73a2335dc7f7a972098beed2d03c6bdf81c7dc,3d4eacfdc32f31acc1c8ce47d02b50a69bc25fbcf48b62c2a9f438d250e9a5c7,2026-06-29T06:36:11.260970Z,2026-06-29T06:37:48.763894Z
run-0152-treatment,152,treatment,completed,20260628,gpt-5.5,xhigh,chatgpt_auth,False,resolved,False,False,False,29,8ab4a3df847cf5c0bd19a918651332f74194e23187c3531f17ce8e2ee620d64b,309,11394,11136,739,516,True,True,1,0,40482,30929,final_message,372,30929,18.255026925547156,6eca5c454c9f9e4b7ce5c5c22c73a2335dc7f7a972098beed2d03c6bdf81c7dc,8856400618621749d07364567a94c767d1e1f65e453fab1976a286752a70f4e5,2026-06-29T06:36:21.600243Z,2026-06-29T06:37:02.081876Z
run-0153-treatment,153,treatment,completed,20260628,gpt-5.5,xhigh,chatgpt_auth,False,resolved,False,False,False,29,bc7ce6bb58152e6784e63783c0eb197baade79335585210ae6a58be4e972fed8,694,11394,9088,998,516,True,True,1,0,44246,34183,final_message,336,34183,22.55571125073453,6eca5c454c9f9e4b7ce5c5c22c73a2335dc7f7a972098beed2d03c6bdf81c7dc,8856400618621749d07364567a94c767d1e1f65e453fab1976a286752a70f4e5,2026-06-29T06:36:23.190270Z,2026-06-29T06:37:07.435808Z
run-0154-control,154,control,completed,20260628,gpt-5.5,xhigh,chatgpt_auth,False,resolved,False,False,False,29,635bf8bfe15de64b6c60c34fae3908ba791b348545b3e802769cac63ab890058,455,11379,11136,844,516,True,True,1,0,34513,24141,final_message,347,24141,24.45455335670617,6eca5c454c9f9e4b7ce5c5c22c73a2335dc7f7a972098beed2d03c6bdf81c7dc,3d4eacfdc32f31acc1c8ce47d02b50a69bc25fbcf48b62c2a9f438d250e9a5c7,2026-06-29T06:36:41.234360Z,2026-06-29T06:37:15.747686Z
run-0155-control,155,control,completed,20260628,gpt-5.5,xhigh,chatgpt_auth,False,resolved,False,False,False,29,620d60bebedbe01bbf0781b6349fa443a9146de01977a07d9fccaf80702695ba,589,11379,9088,944,516,True,True,1,0,38155,28087,final_message,517,28087,24.74118726248198,6eca5c454c9f9e4b7ce5c5c22c73a2335dc7f7a972098beed2d03c6bdf81c7dc,3d4eacfdc32f31acc1c8ce47d02b50a69bc25fbcf48b62c2a9f438d250e9a5c7,2026-06-29T06:36:41.690960Z,2026-06-29T06:37:19.845582Z
run-0156-treatment,156,treatment,completed,20260628,gpt-5.5,xhigh,chatgpt_auth,True,resolved,True,True,False,21,2274c556fa75d720bce4a4bc161628dd60171a7e2e2c29597176d6494f8a9b4b,326,11394,9088,4898,4660,False,True,9,0,102599,100693,final_message,388,100693,47.73925671790173,6eca5c454c9f9e4b7ce5c5c22c73a2335dc7f7a972098beed2d03c6bdf81c7dc,8856400618621749d07364567a94c767d1e1f65e453fab1976a286752a70f4e5,2026-06-29T06:37:02.083040Z,2026-06-29T06:38:44.681732Z
run-0157-control,157,control,completed,20260628,gpt-5.5,xhigh,chatgpt_auth,False,resolved,False,False,False,29,decc005b5a18151ca50da80952be3f87a8154807cd2ea435c9d7c0a78acab23d,323,11379,11136,744,516,True,True,1,0,33894,24119,final_message,415,24119,21.950787750044256,6eca5c454c9f9e4b7ce5c5c22c73a2335dc7f7a972098beed2d03c6bdf81c7dc,3d4eacfdc32f31acc1c8ce47d02b50a69bc25fbcf48b62c2a9f438d250e9a5c7,2026-06-29T06:37:04.004975Z,2026-06-29T06:37:37.899177Z
run-0158-treatment,158,treatment,completed,20260628,gpt-5.5,xhigh,chatgpt_auth,False,resolved,False,False,False,36,d89873898665d15ac21775478eca789e4d7991c1a41708dda60b3184e13a2f88,502,11394,11136,873,516,True,True,1,0,31066,24763,final_message,424,24763,28.101461404751177,6eca5c454c9f9e4b7ce5c5c22c73a2335dc7f7a972098beed2d03c6bdf81c7dc,8856400618621749d07364567a94c767d1e1f65e453fab1976a286752a70f4e5,2026-06-29T06:37:07.437198Z,2026-06-29T06:37:38.502847Z
run-0159-control,159,control,completed,20260628,gpt-5.5,xhigh,chatgpt_auth,False,resolved,False,False,False,29,19f505635882ef0367c7faa48481f79c82e6d86088d19ef118b22a9f1cb25d05,218,11379,4480,680,516,True,True,1,0,22668,17920,final_message,392,17920,29.99823539791777,6eca5c454c9f9e4b7ce5c5c22c73a2335dc7f7a972098beed2d03c6bdf81c7dc,3d4eacfdc32f31acc1c8ce47d02b50a69bc25fbcf48b62c2a9f438d250e9a5c7,2026-06-29T06:37:15.749121Z,2026-06-29T06:37:38.416942Z
run-0160-treatment,160,treatment,completed,20260628,gpt-5.5,xhigh,chatgpt_auth,False,resolved,False,False,False,35,df997af20bf4a87410703b136e36e9dae2f630b48c5829640d22257d4e7d4c68,146,11394,11136,624,516,True,True,1,0,33651,26230,final_message,524,26230,18.543282517607203,6eca5c454c9f9e4b7ce5c5c22c73a2335dc7f7a972098beed2d03c6bdf81c7dc,8856400618621749d07364567a94c767d1e1f65e453fab1976a286752a70f4e5,2026-06-29T06:37:19.847655Z,2026-06-29T06:37:53.498170Z
run-0161-treatment,161,treatment,completed,20260628,gpt-5.5,xhigh,chatgpt_auth,False,resolved,False,False,False,29,ccc77a1fde268f5aa239343a4daffce6ccd361db85074991ade119902c2548e6,302,11394,9088,727,516,True,True,1,0,34803,25878,final_message,392,25878,20.889003821509643,6eca5c454c9f9e4b7ce5c5c22c73a2335dc7f7a972098beed2d03c6bdf81c7dc,8856400618621749d07364567a94c767d1e1f65e453fab1976a286752a70f4e5,2026-06-29T06:37:37.900509Z,2026-06-29T06:38:12.703665Z
run-0162-control,162,control,completed,20260628,gpt-5.5,xhigh,chatgpt_auth,False,resolved,False,False,False,29,ce7a8cdb1e3608a683f287ca5de5c5062edcdf020848456d5b730a3ee2704baa,286,11379,11136,724,516,True,True,1,0,36125,30519,final_message,956,30519,20.041522491349482,6eca5c454c9f9e4b7ce5c5c22c73a2335dc7f7a972098beed2d03c6bdf81c7dc,3d4eacfdc32f31acc1c8ce47d02b50a69bc25fbcf48b62c2a9f438d250e9a5c7,2026-06-29T06:37:38.420705Z,2026-06-29T06:38:14.545941Z
run-0163-treatment,163,treatment,completed,20260628,gpt-5.5,xhigh,chatgpt_auth,False,resolved,False,False,False,29,303d4088a4b32ca9889c026390745211979309c102ffbbb86631cdec39e169a4,267,11394,11136,702,516,True,True,1,0,28038,24314,final_message,966,24314,25.037449176118127,6eca5c454c9f9e4b7ce5c5c22c73a2335dc7f7a972098beed2d03c6bdf81c7dc,8856400618621749d07364567a94c767d1e1f65e453fab1976a286752a70f4e5,2026-06-29T06:37:38.504829Z,2026-06-29T06:38:06.543150Z
run-0164-control,164,control,completed,20260628,gpt-5.5,xhigh,chatgpt_auth,True,resolved,True,True,False,21,4f9ef8e5ca4e4e14f92e11824bbc203e53a0856067b5471eeefef67fd89f4437,384,11379,9088,3911,3623,False,False,,-1,80188,79820,final_message,381,79820,48.77288372325036,6eca5c454c9f9e4b7ce5c5c22c73a2335dc7f7a972098beed2d03c6bdf81c7dc,3d4eacfdc32f31acc1c8ce47d02b50a69bc25fbcf48b62c2a9f438d250e9a5c7,2026-06-29T06:37:48.765151Z,2026-06-29T06:39:08.953134Z
run-0165-control,165,control,completed,20260628,gpt-5.5,xhigh,chatgpt_auth,False,resolved,False,False,False,29,bcf017d49259036c843f999be264b3441dd1d8fde8ecf33fecfcd56e80121a6a,304,11379,9088,725,516,True,True,1,0,33769,23652,final_message,488,23652,21.469395007255176,6eca5c454c9f9e4b7ce5c5c22c73a2335dc7f7a972098beed2d03c6bdf81c7dc,3d4eacfdc32f31acc1c8ce47d02b50a69bc25fbcf48b62c2a9f438d250e9a5c7,2026-06-29T06:37:53.499704Z,2026-06-29T06:38:27.268785Z
run-0166-treatment,166,treatment,completed,20260628,gpt-5.5,xhigh,chatgpt_auth,False,resolved,False,False,False,29,97e402dd36a9e3724144b62bbc9122df7c75cdbd173450b3d146f9fa1521443b,229,11394,11136,685,516,True,True,1,0,29326,19286,final_message,304,19286,23.35811225533656,6eca5c454c9f9e4b7ce5c5c22c73a2335dc7f7a972098beed2d03c6bdf81c7dc,8856400618621749d07364567a94c767d1e1f65e453fab1976a286752a70f4e5,2026-06-29T06:38:06.544483Z,2026-06-29T06:38:35.870572Z
run-0167-control,167,control,completed,20260628,gpt-5.5,xhigh,chatgpt_auth,True,resolved,True,True,False,21,8f606423b5272c8c7c1698f88402ea9742195522f55003c92f22cf0c7f6d3b73,320,11379,11136,4382,4142,False,True,8,0,86796,86421,final_message,419,86421,50.486197520623065,6eca5c454c9f9e4b7ce5c5c22c73a2335dc7f7a972098beed2d03c6bdf81c7dc,3d4eacfdc32f31acc1c8ce47d02b50a69bc25fbcf48b62c2a9f438d250e9a5c7,2026-06-29T06:38:12.704896Z,2026-06-29T06:39:39.500902Z
run-0168-treatment,168,treatment,completed,20260628,gpt-5.5,xhigh,chatgpt_auth,False,resolved,False,False,False,29,ad50faf215fb203033288d0a6adb345291ebaa486a5313292a6f6111b81b2671,579,11394,9088,936,516,True,True,1,0,29507,27042,final_message,395,27042,31.721286474395903,6eca5c454c9f9e4b7ce5c5c22c73a2335dc7f7a972098beed2d03c6bdf81c7dc,8856400618621749d07364567a94c767d1e1f65e453fab1976a286752a70f4e5,2026-06-29T06:38:14.547607Z,2026-06-29T06:38:44.054923Z
run-0169-treatment,169,treatment,completed,20260628,gpt-5.5,xhigh,chatgpt_auth,False,resolved,False,False,False,25,99e9eaf7ca56e27bf0cb45bee38feedd405e68e8e52805ef4411bcc9e75dedd5,263,11394,9088,705,516,True,True,1,0,34313,31498,final_message,402,31498,20.546148690000873,6eca5c454c9f9e4b7ce5c5c22c73a2335dc7f7a972098beed2d03c6bdf81c7dc,8856400618621749d07364567a94c767d1e1f65e453fab1976a286752a70f4e5,2026-06-29T06:38:27.269953Z,2026-06-29T06:39:01.582535Z
run-0170-control,170,control,completed,20260628,gpt-5.5,xhigh,chatgpt_auth,False,resolved,False,False,False,29,2e321009179a5a25649410b596d47deb8735e8c19e97f3f77b2f06fffea1a255,190,11379,9088,652,516,True,True,1,0,22844,20927,final_message,443,20927,28.541411311504113,6eca5c454c9f9e4b7ce5c5c22c73a2335dc7f7a972098beed2d03c6bdf81c7dc,3d4eacfdc32f31acc1c8ce47d02b50a69bc25fbcf48b62c2a9f438d250e9a5c7,2026-06-29T06:38:34.132745Z,2026-06-29T06:38:56.977168Z
run-0171-treatment,171,treatment,completed,20260628,gpt-5.5,xhigh,chatgpt_auth,True,resolved,True,True,False,21,87b273069a0c2e5845e2676981e5a63dcce49ad26840f92ced0b92ef4a72ce9e,240,11394,9088,5868,5696,False,True,11,0,116961,116559,final_message,425,116559,50.170569677071846,6eca5c454c9f9e4b7ce5c5c22c73a2335dc7f7a972098beed2d03c6bdf81c7dc,8856400618621749d07364567a94c767d1e1f65e453fab1976a286752a70f4e5,2026-06-29T06:38:35.872207Z,2026-06-29T06:40:32.833309Z
run-0172-control,172,control,completed,20260628,gpt-5.5,xhigh,chatgpt_auth,False,resolved,False,False,False,29,cd06f86248ca932df6cbe05ddbc9351560970850ab9642fcabd54c3f9d453c23,303,11379,9088,722,516,True,True,1,0,19780,17898,final_message,361,17898,36.5015166835187,6eca5c454c9f9e4b7ce5c5c22c73a2335dc7f7a972098beed2d03c6bdf81c7dc,3d4eacfdc32f31acc1c8ce47d02b50a69bc25fbcf48b62c2a9f438d250e9a5c7,2026-06-29T06:38:43.233542Z,2026-06-29T06:39:03.014037Z
run-0173-treatment,173,treatment,completed,20260628,gpt-5.5,xhigh,chatgpt_auth,False,resolved,False,False,False,29,2d1bffc8c0f65c459f96e63f7922c766860743d4c7269c76619b89ec17fcccaa,265,11394,11136,1229,1034,False,True,2,0,28292,26183,final_message,575,26183,43.4398416513502,6eca5c454c9f9e4b7ce5c5c22c73a2335dc7f7a972098beed2d03c6bdf81c7dc,8856400618621749d07364567a94c767d1e1f65e453fab1976a286752a70f4e5,2026-06-29T06:38:44.056703Z,2026-06-29T06:39:12.349172Z
run-0174-control,174,control,completed,20260628,gpt-5.5,xhigh,chatgpt_auth,False,resolved,False,False,False,29,d228c43f6b6af13d424dba1017cb1f1ff2d9280d1ec1383fc83569f1005aafca,305,11379,9088,731,516,True,True,1,0,20273,17647,final_message,568,17647,36.057810881467965,6eca5c454c9f9e4b7ce5c5c22c73a2335dc7f7a972098beed2d03c6bdf81c7dc,3d4eacfdc32f31acc1c8ce47d02b50a69bc25fbcf48b62c2a9f438d250e9a5c7,2026-06-29T06:38:44.683848Z,2026-06-29T06:39:04.957149Z
run-0175-control,175,control,completed,20260628,gpt-5.5,xhigh,chatgpt_auth,False,resolved,False,False,False,30,74460da200224d87b47d0b8bb566c6c0ee85176c23468d7d062c7e792117ba14,470,11379,9088,839,516,True,True,1,0,20492,18818,final_message,390,18818,40.942806949053285,6eca5c454c9f9e4b7ce5c5c22c73a2335dc7f7a972098beed2d03c6bdf81c7dc,3d4eacfdc32f31acc1c8ce47d02b50a69bc25fbcf48b62c2a9f438d250e9a5c7,2026-06-29T06:38:56.978274Z,2026-06-29T06:39:17.470744Z
run-0176-treatment,176,treatment,completed,20260628,gpt-5.5,xhigh,chatgpt_auth,False,resolved,False,False,False,27,ef6090600c55a826313879337e70125e699c2078e78126a637c48e87f5141635,397,11394,11136,797,516,True,True,1,0,20591,19013,final_message,378,19013,38.70623087756787,6eca5c454c9f9e4b7ce5c5c22c73a2335dc7f7a972098beed2d03c6bdf81c7dc,8856400618621749d07364567a94c767d1e1f65e453fab1976a286752a70f4e5,2026-06-29T06:39:01.583689Z,2026-06-29T06:39:22.174298Z
run-0177-treatment,177,treatment,completed,20260628,gpt-5.5,xhigh,chatgpt_auth,False,resolved,False,False,False,23,f78b1f194c3d482a601adf32a7b3f8f5da0021890f9a8e44b27e8e0e994032eb,419,11394,11136,822,516,True,True,1,0,21423,19314,final_message,456,19314,38.369976193810395,6eca5c454c9f9e4b7ce5c5c22c73a2335dc7f7a972098beed2d03c6bdf81c7dc,8856400618621749d07364567a94c767d1e1f65e453fab1976a286752a70f4e5,2026-06-29T06:39:03.015418Z,2026-06-29T06:39:24.438485Z
run-0178-control,178,control,completed,20260628,gpt-5.5,xhigh,chatgpt_auth,True,ambiguous,False,True,False,20,a3254323489d0648a40eb1c026af754f31b564ef05fba504649772b9a436174b,356,11379,11136,3880,3624,False,True,7,0,84176,83797,final_message,668,83797,46.093898498384334,6eca5c454c9f9e4b7ce5c5c22c73a2335dc7f7a972098beed2d03c6bdf81c7dc,3d4eacfdc32f31acc1c8ce47d02b50a69bc25fbcf48b62c2a9f438d250e9a5c7,2026-06-29T06:39:04.964044Z,2026-06-29T06:40:29.140433Z
run-0179-control,179,control,completed,20260628,gpt-5.5,xhigh,chatgpt_auth,False,resolved,False,False,False,29,1e565e6e1c303480e447d68fbce88da4fec0a372ddc3425cc19effaebe11ad70,785,11379,9088,1036,516,True,True,1,0,25636,22869,final_message,332,22869,40.411920736464346,6eca5c454c9f9e4b7ce5c5c22c73a2335dc7f7a972098beed2d03c6bdf81c7dc,3d4eacfdc32f31acc1c8ce47d02b50a69bc25fbcf48b62c2a9f438d250e9a5c7,2026-06-29T06:39:08.954346Z,2026-06-29T06:39:34.590714Z
run-0180-treatment,180,treatment,completed,20260628,gpt-5.5,xhigh,chatgpt_auth,False,resolved,False,False,False,29,ddcf136daa5fa9145d7b72411dba6bbb9711086ad8ed7015412fe61280b031c3,282,11394,11136,724,516,True,True,1,0,21440,17612,final_message,905,17612,33.76865671641791,6eca5c454c9f9e4b7ce5c5c22c73a2335dc7f7a972098beed2d03c6bdf81c7dc,8856400618621749d07364567a94c767d1e1f65e453fab1976a286752a70f4e5,2026-06-29T06:39:12.350822Z,2026-06-29T06:39:33.790798Z
run-0181-treatment,181,treatment,completed,20260628,gpt-5.5,xhigh,chatgpt_auth,False,resolved,False,False,False,36,cd029d57a488336ae369584ff6553ac736bf05d46aa4e647d7a0ef2e8af253ce,773,11394,11136,1050,516,True,True,1,0,25262,23539,final_message,485,23539,41.56440503523078,6eca5c454c9f9e4b7ce5c5c22c73a2335dc7f7a972098beed2d03c6bdf81c7dc,8856400618621749d07364567a94c767d1e1f65e453fab1976a286752a70f4e5,2026-06-29T06:39:17.471913Z,2026-06-29T06:39:42.733545Z
run-0182-control,182,control,completed,20260628,gpt-5.5,xhigh,chatgpt_auth,False,resolved,False,False,False,29,ede8ffa67d9e5259675ef8bc0b0ff890c9a3bf66b077f8b25e04c22dce4b9e87,359,11379,9088,775,516,True,True,1,0,19769,17990,final_message,440,17990,39.2027922504932,6eca5c454c9f9e4b7ce5c5c22c73a2335dc7f7a972098beed2d03c6bdf81c7dc,3d4eacfdc32f31acc1c8ce47d02b50a69bc25fbcf48b62c2a9f438d250e9a5c7,2026-06-29T06:39:22.175497Z,2026-06-29T06:39:41.944248Z
run-0183-control,183,control,completed,20260628,gpt-5.5,xhigh,chatgpt_auth,False,resolved,False,False,False,34,c1f6c6e1f8bbb21b2bafd6e5645da7b125dc6d3576ecea116a5e3c7745b922ea,413,11379,11136,819,516,True,True,1,0,21051,18964,final_message,602,18964,38.90551517742625,6eca5c454c9f9e4b7ce5c5c22c73a2335dc7f7a972098beed2d03c6bdf81c7dc,3d4eacfdc32f31acc1c8ce47d02b50a69bc25fbcf48b62c2a9f438d250e9a5c7,2026-06-29T06:39:24.441108Z,2026-06-29T06:39:45.492367Z
run-0184-treatment,184,treatment,completed,20260628,gpt-5.5,xhigh,chatgpt_auth,False,resolved,False,False,False,36,5b2670db4ce9819f450ba1a58c54a5985757a5084f7ecb6ec561ccb0c4d2ed3e,607,11394,11136,951,516,True,True,1,0,22799,21118,final_message,355,21118,41.71235580507917,6eca5c454c9f9e4b7ce5c5c22c73a2335dc7f7a972098beed2d03c6bdf81c7dc,8856400618621749d07364567a94c767d1e1f65e453fab1976a286752a70f4e5,2026-06-29T06:39:33.792056Z,2026-06-29T06:39:56.590901Z
run-0185-control,185,control,completed,20260628,gpt-5.5,xhigh,chatgpt_auth,False,resolved,False,False,False,29,7eabed29520707c9619ff5fc7e2bfe99bf6aa529588c49a06cd84a5823291e32,309,11379,11136,741,516,True,True,1,0,22815,20908,final_message,426,20908,32.47863247863248,6eca5c454c9f9e4b7ce5c5c22c73a2335dc7f7a972098beed2d03c6bdf81c7dc,3d4eacfdc32f31acc1c8ce47d02b50a69bc25fbcf48b62c2a9f438d250e9a5c7,2026-06-29T06:39:34.592350Z,2026-06-29T06:39:57.406892Z
run-0186-treatment,186,treatment,completed,20260628,gpt-5.5,xhigh,chatgpt_auth,False,resolved,False,False,False,29,f8e75df2e8db7d52ad62f1d4d6cb45e51315f11b7e0f5a53451681799c4dee7e,291,11394,11136,715,516,True,True,1,0,17947,16330,final_message,331,16330,39.83952749763192,6eca5c454c9f9e4b7ce5c5c22c73a2335dc7f7a972098beed2d03c6bdf81c7dc,8856400618621749d07364567a94c767d1e1f65e453fab1976a286752a70f4e5,2026-06-29T06:39:39.502106Z,2026-06-29T06:39:57.448921Z
run-0187-treatment,187,treatment,completed,20260628,gpt-5.5,xhigh,chatgpt_auth,False,resolved,False,False,False,29,f4fa7136f872782cbecc0428232dcbb8e6802bdf5365c381b3e566a15f3999e0,257,11394,11136,696,516,True,True,1,0,18366,16644,final_message,341,16644,37.896112381574646,6eca5c454c9f9e4b7ce5c5c22c73a2335dc7f7a972098beed2d03c6bdf81c7dc,8856400618621749d07364567a94c767d1e1f65e453fab1976a286752a70f4e5,2026-06-29T06:39:41.945406Z,2026-06-29T06:40:00.311650Z
run-0188-control,188,control,completed,20260628,gpt-5.5,xhigh,chatgpt_auth,False,resolved,False,False,False,29,2603e795e933363fd45f93fbfe38a0deee1ca0a244d48ae536f611ba6ed6a50e,398,11379,9088,805,516,True,True,1,0,20654,18619,final_message,457,18619,38.97550111358574,6eca5c454c9f9e4b7ce5c5c22c73a2335dc7f7a972098beed2d03c6bdf81c7dc,3d4eacfdc32f31acc1c8ce47d02b50a69bc25fbcf48b62c2a9f438d250e9a5c7,2026-06-29T06:39:42.734973Z,2026-06-29T06:40:03.388878Z
run-0189-treatment,189,treatment,completed,20260628,gpt-5.5,xhigh,chatgpt_auth,False,resolved,False,False,False,29,1aec0f066b4602f270901b9aa1f8ec7b72baa163e3d4c12ff58304ab850d0616,215,11394,11136,671,516,True,True,1,0,18071,16098,final_message,426,16098,37.131315367162856,6eca5c454c9f9e4b7ce5c5c22c73a2335dc7f7a972098beed2d03c6bdf81c7dc,8856400618621749d07364567a94c767d1e1f65e453fab1976a286752a70f4e5,2026-06-29T06:39:45.494115Z,2026-06-29T06:40:03.564770Z
run-0190-control,190,control,completed,20260628,gpt-5.5,xhigh,chatgpt_auth,False,resolved,False,False,False,29,32f262c3c97c75beaaffb2efdf1e263915652540ff20aa4420116ef67d24db0a,379,11379,11136,788,516,True,True,1,0,19949,18309,final_message,638,18309,39.50072685347636,6eca5c454c9f9e4b7ce5c5c22c73a2335dc7f7a972098beed2d03c6bdf81c7dc,3d4eacfdc32f31acc1c8ce47d02b50a69bc25fbcf48b62c2a9f438d250e9a5c7,2026-06-29T06:39:56.592082Z,2026-06-29T06:40:16.541153Z
run-0191-control,191,control,completed,20260628,gpt-5.5,xhigh,chatgpt_auth,False,resolved,False,False,False,25,2e2fc4816d7b15844ce6578d4bf9c2e9cf6449d7ba144193ff763c2bfe42d246,425,11379,11136,825,516,True,True,1,0,20526,18998,final_message,882,18998,40.19292604501608,6eca5c454c9f9e4b7ce5c5c22c73a2335dc7f7a972098beed2d03c6bdf81c7dc,3d4eacfdc32f31acc1c8ce47d02b50a69bc25fbcf48b62c2a9f438d250e9a5c7,2026-06-29T06:39:57.432711Z,2026-06-29T06:40:17.958337Z
run-0192-treatment,192,treatment,completed,20260628,gpt-5.5,xhigh,chatgpt_auth,True,resolved,True,True,False,21,ce8c2842ee907eda54deda52212c3b5219a0d54def042b464e66cba63ad6dacb,234,11394,9088,7416,7250,False,True,14,0,139735,139397,final_message,683,139397,53.07188607006118,6eca5c454c9f9e4b7ce5c5c22c73a2335dc7f7a972098beed2d03c6bdf81c7dc,8856400618621749d07364567a94c767d1e1f65e453fab1976a286752a70f4e5,2026-06-29T06:39:57.450785Z,2026-06-29T06:42:17.185617Z
run-0193-control,193,control,completed,20260628,gpt-5.5,xhigh,chatgpt_auth,False,resolved,False,False,False,29,422f3c19c273f315816ea1ddb22ca358c5f2f8c07a1f10125df14417721ee56e,194,11379,11136,658,516,True,True,1,0,17798,16269,final_message,500,16269,36.9704461175413,6eca5c454c9f9e4b7ce5c5c22c73a2335dc7f7a972098beed2d03c6bdf81c7dc,3d4eacfdc32f31acc1c8ce47d02b50a69bc25fbcf48b62c2a9f438d250e9a5c7,2026-06-29T06:40:00.313750Z,2026-06-29T06:40:18.111970Z
run-0194-treatment,194,treatment,completed,20260628,gpt-5.5,xhigh,chatgpt_auth,False,resolved,False,False,False,29,6a1a3d50b8a6bd9c3740c12fe09a2e2f1b0477c80e45bdae7e44560e5a3bd29f,276,11394,9088,717,516,True,True,1,0,18546,16853,final_message,397,16853,38.66062762859916,6eca5c454c9f9e4b7ce5c5c22c73a2335dc7f7a972098beed2d03c6bdf81c7dc,8856400618621749d07364567a94c767d1e1f65e453fab1976a286752a70f4e5,2026-06-29T06:40:03.390094Z,2026-06-29T06:40:21.936163Z
run-0195-control,195,control,completed,20260628,gpt-5.5,xhigh,chatgpt_auth,True,resolved,True,True,False,21,76c2df2758af2080b85c74ec6c929e38e6aae9ec54d233c9378ac381f226efa2,307,11379,9088,2856,2588,False,True,5,0,58410,15474,final_message,746,15474,48.895737031330256,6eca5c454c9f9e4b7ce5c5c22c73a2335dc7f7a972098beed2d03c6bdf81c7dc,3d4eacfdc32f31acc1c8ce47d02b50a69bc25fbcf48b62c2a9f438d250e9a5c7,2026-06-29T06:40:03.566832Z,2026-06-29T06:41:01.976992Z
run-0196-treatment,196,treatment,completed,20260628,gpt-5.5,xhigh,chatgpt_auth,False,resolved,False,False,False,36,38d64caa1c0d6b87595979e4b3b92d9422fdd1e59b07d1ee814db9dcedea71ac,496,11394,9088,879,516,True,True,1,0,22128,20185,final_message,293,20185,39.7234273318872,6eca5c454c9f9e4b7ce5c5c22c73a2335dc7f7a972098beed2d03c6bdf81c7dc,8856400618621749d07364567a94c767d1e1f65e453fab1976a286752a70f4e5,2026-06-29T06:40:16.542283Z,2026-06-29T06:40:38.670714Z
run-0197-control,197,control,completed,20260628,gpt-5.5,xhigh,chatgpt_auth,False,resolved,False,False,False,29,bdb29288837659477d2de9fc1428c3baaaa46706b21d2a83ef04b2ed2b279b2d,281,11379,9088,725,516,True,True,1,0,20771,18592,final_message,967,18592,34.904434066727646,6eca5c454c9f9e4b7ce5c5c22c73a2335dc7f7a972098beed2d03c6bdf81c7dc,3d4eacfdc32f31acc1c8ce47d02b50a69bc25fbcf48b62c2a9f438d250e9a5c7,2026-06-29T06:40:17.959704Z,2026-06-29T06:40:38.730875Z
run-0198-treatment,198,treatment,completed,20260628,gpt-5.5,xhigh,chatgpt_auth,True,resolved,True,True,False,21,e378c6e4a05abb1ffe3cc6a6e30f0cb8fbad9cd532b6ece18f336efba0246ce4,219,11394,11136,7414,7250,False,True,14,0,153316,152006,final_message,1111,152006,48.35764042891805,6eca5c454c9f9e4b7ce5c5c22c73a2335dc7f7a972098beed2d03c6bdf81c7dc,8856400618621749d07364567a94c767d1e1f65e453fab1976a286752a70f4e5,2026-06-29T06:40:18.114167Z,2026-06-29T06:42:51.429892Z
run-0199-control,199,control,completed,20260628,gpt-5.5,xhigh,chatgpt_auth,False,resolved,False,False,False,29,fecf9a3a4dbc131239504479432586e6992d29c6db049cef223db91efafca64e,283,11379,11136,716,516,True,True,1,0,23312,21654,final_message,319,21654,30.71379547014413,6eca5c454c9f9e4b7ce5c5c22c73a2335dc7f7a972098beed2d03c6bdf81c7dc,3d4eacfdc32f31acc1c8ce47d02b50a69bc25fbcf48b62c2a9f438d250e9a5c7,2026-06-29T06:40:21.937384Z,2026-06-29T06:40:45.248921Z
run-0200-treatment,200,treatment,completed,20260628,gpt-5.5,xhigh,chatgpt_auth,False,resolved,False,False,False,29,a077538a45a93e4db138d47d3c509ce8b4f9d411ba2d2558988c826f22bd382c,414,11394,11136,799,516,True,True,1,0,20016,18291,final_message,414,18291,39.91806554756195,6eca5c454c9f9e4b7ce5c5c22c73a2335dc7f7a972098beed2d03c6bdf81c7dc,8856400618621749d07364567a94c767d1e1f65e453fab1976a286752a70f4e5,2026-06-29T06:40:29.141709Z,2026-06-29T06:40:49.158005Z
